city,sample
aachen,297_5626
aachen,301_5623
aachen,286_5631
aachen,301_5627
aachen,293_5633
aachen,297_5622
aachen,287_5631
aachen,300_5623
aachen,296_5626
aachen,292_5637
aachen,296_5622
aachen,292_5633
aachen,300_5627
aachen,302_5627
aachen,290_5633
aachen,294_5622
aachen,288_5629
aachen,290_5637
aachen,294_5626
aachen,302_5623
aachen,298_5615
aachen,298_5619
aachen,299_5619
aachen,295_5622
aachen,291_5633
aachen,295_5626
aachen,289_5629
aachen,291_5637
aachen,288_5634
aachen,299_5623
aachen,299_5627
aachen,288_5630
aachen,303_5619
aachen,302_5632
aachen,290_5626
aachen,294_5633
aachen,290_5622
aachen,291_5626
aachen,302_5619
aachen,291_5622
aachen,295_5633
aachen,298_5623
aachen,289_5634
aachen,289_5630
aachen,298_5627
aachen,296_5618
aachen,293_5622
aachen,301_5632
aachen,300_5619
aachen,293_5626
aachen,292_5622
aachen,297_5618
aachen,296_5633
aachen,292_5626
aachen,301_5619
aachen,300_5632
aachen,290_5627
aachen,294_5632
aachen,290_5623
aachen,288_5635
aachen,299_5622
aachen,299_5626
aachen,288_5631
aachen,298_5622
aachen,289_5635
aachen,289_5631
aachen,298_5626
aachen,291_5627
aachen,302_5618
aachen,291_5623
aachen,295_5632
aachen,296_5619
aachen,293_5623
aachen,300_5618
aachen,293_5627
aachen,292_5623
aachen,296_5632
aachen,297_5619
aachen,292_5627
aachen,301_5618
aachen,293_5636
aachen,297_5627
aachen,286_5630
aachen,301_5622
aachen,301_5626
aachen,293_5632
aachen,297_5623
aachen,300_5622
aachen,287_5630
aachen,296_5627
aachen,292_5636
aachen,296_5623
aachen,292_5632
aachen,300_5626
aachen,298_5618
aachen,302_5626
aachen,290_5632
aachen,294_5623
aachen,290_5636
aachen,288_5628
aachen,294_5627
aachen,302_5622
aachen,295_5623
aachen,291_5632
aachen,295_5627
aachen,291_5636
aachen,289_5628
aachen,299_5618
aachen,298_5620
aachen,289_5637
aachen,291_5629
aachen,289_5633
aachen,298_5624
aachen,291_5625
aachen,298_5628
aachen,295_5630
aachen,302_5631
aachen,290_5625
aachen,294_5634
aachen,294_5630
aachen,299_5628
aachen,288_5637
aachen,290_5629
aachen,299_5620
aachen,299_5624
aachen,288_5633
aachen,296_5630
aachen,292_5625
aachen,300_5631
aachen,301_5616
aachen,292_5629
aachen,293_5629
aachen,300_5616
aachen,297_5630
aachen,301_5631
aachen,293_5625
aachen,296_5629
aachen,292_5638
aachen,300_5628
aachen,287_5632
aachen,300_5620
aachen,292_5634
aachen,296_5625
aachen,292_5630
aachen,296_5621
aachen,300_5624
aachen,297_5625
aachen,293_5634
aachen,301_5620
aachen,286_5632
aachen,301_5624
aachen,297_5621
aachen,293_5630
aachen,293_5638
aachen,297_5629
aachen,301_5628
aachen,291_5630
aachen,303_5620
aachen,299_5616
aachen,291_5634
aachen,295_5625
aachen,295_5629
aachen,289_5626
aachen,298_5631
aachen,302_5628
aachen,299_5631
aachen,288_5626
aachen,294_5629
aachen,302_5624
aachen,290_5630
aachen,294_5625
aachen,290_5634
aachen,298_5616
aachen,302_5620
aachen,300_5621
aachen,287_5633
aachen,292_5635
aachen,296_5624
aachen,292_5631
aachen,296_5620
aachen,300_5625
aachen,296_5628
aachen,292_5639
aachen,300_5629
aachen,297_5628
aachen,301_5629
aachen,297_5624
aachen,293_5635
aachen,286_5633
aachen,301_5621
aachen,301_5625
aachen,297_5620
aachen,293_5631
aachen,295_5628
aachen,289_5627
aachen,298_5630
aachen,291_5631
aachen,299_5617
aachen,291_5635
aachen,295_5624
aachen,302_5625
aachen,290_5631
aachen,294_5624
aachen,290_5635
aachen,298_5617
aachen,302_5621
aachen,299_5630
aachen,288_5627
aachen,294_5628
aachen,291_5624
aachen,298_5629
aachen,295_5631
aachen,298_5621
aachen,291_5628
aachen,289_5636
aachen,289_5632
aachen,298_5625
aachen,290_5628
aachen,288_5636
aachen,299_5621
aachen,299_5625
aachen,288_5632
aachen,302_5630
aachen,290_5624
aachen,294_5631
aachen,299_5629
aachen,301_5617
aachen,292_5628
aachen,296_5631
aachen,292_5624
aachen,300_5630
aachen,297_5631
aachen,301_5630
aachen,293_5624
aachen,293_5628
aachen,300_5617
bergisch,370_5648
bergisch,368_5652
bergisch,370_5644
bergisch,365_5646
bergisch,374_5651
bergisch,371_5644
bergisch,375_5651
bergisch,371_5648
bergisch,369_5652
bergisch,366_5646
bergisch,373_5644
bergisch,373_5648
bergisch,372_5648
bergisch,367_5646
bergisch,372_5644
bergisch,377_5648
bergisch,366_5653
bergisch,373_5651
bergisch,367_5653
bergisch,372_5651
bergisch,376_5648
bergisch,370_5651
bergisch,365_5653
bergisch,368_5647
bergisch,374_5648
bergisch,369_5643
bergisch,375_5648
bergisch,369_5647
bergisch,371_5651
bergisch,364_5653
bergisch,366_5652
bergisch,373_5650
bergisch,377_5649
bergisch,376_5649
bergisch,367_5652
bergisch,372_5650
bergisch,368_5646
bergisch,374_5649
bergisch,370_5650
bergisch,365_5652
bergisch,374_5645
bergisch,371_5650
bergisch,364_5652
bergisch,369_5642
bergisch,375_5649
bergisch,369_5646
bergisch,370_5645
bergisch,365_5647
bergisch,374_5650
bergisch,370_5649
bergisch,368_5653
bergisch,371_5649
bergisch,369_5653
bergisch,371_5645
bergisch,375_5650
bergisch,373_5649
bergisch,366_5647
bergisch,377_5650
bergisch,373_5645
bergisch,376_5650
bergisch,367_5647
bergisch,372_5645
bergisch,372_5649
bergisch,376_5647
bergisch,367_5650
bergisch,372_5652
bergisch,366_5650
bergisch,373_5652
bergisch,366_5654
bergisch,364_5654
bergisch,371_5652
bergisch,375_5647
bergisch,369_5648
bergisch,364_5650
bergisch,369_5644
bergisch,370_5652
bergisch,365_5654
bergisch,365_5650
bergisch,368_5648
bergisch,374_5647
bergisch,369_5651
bergisch,371_5647
bergisch,371_5643
bergisch,370_5647
bergisch,370_5643
bergisch,368_5651
bergisch,365_5649
bergisch,372_5643
bergisch,367_5645
bergisch,372_5647
bergisch,367_5649
bergisch,366_5649
bergisch,366_5645
bergisch,373_5647
bergisch,371_5646
bergisch,369_5650
bergisch,368_5650
bergisch,370_5646
bergisch,367_5648
bergisch,367_5644
bergisch,372_5646
bergisch,373_5646
bergisch,366_5648
bergisch,367_5651
bergisch,372_5653
bergisch,366_5651
bergisch,373_5653
bergisch,369_5645
bergisch,371_5653
bergisch,375_5646
bergisch,369_5649
bergisch,364_5651
bergisch,370_5653
bergisch,365_5651
bergisch,368_5649
bergisch,374_5646
bergisch,368_5645
bielefeld,463_5754
bielefeld,473_5768
bielefeld,466_5766
bielefeld,473_5760
bielefeld,473_5764
bielefeld,463_5758
bielefeld,466_5762
bielefeld,472_5760
bielefeld,467_5766
bielefeld,467_5762
bielefeld,462_5758
bielefeld,472_5764
bielefeld,472_5768
bielefeld,470_5764
bielefeld,460_5758
bielefeld,465_5762
bielefeld,465_5766
bielefeld,469_5755
bielefeld,470_5760
bielefeld,470_5768
bielefeld,469_5759
bielefeld,468_5772
bielefeld,475_5756
bielefeld,471_5768
bielefeld,474_5756
bielefeld,457_5757
bielefeld,469_5772
bielefeld,468_5759
bielefeld,464_5762
bielefeld,461_5758
bielefeld,468_5751
bielefeld,471_5764
bielefeld,471_5760
bielefeld,468_5755
bielefeld,464_5766
bielefeld,471_5756
bielefeld,468_5763
bielefeld,474_5768
bielefeld,468_5767
bielefeld,471_5752
bielefeld,464_5754
bielefeld,470_5771
bielefeld,474_5760
bielefeld,461_5766
bielefeld,464_5758
bielefeld,465_5773
bielefeld,474_5764
bielefeld,460_5766
bielefeld,475_5760
bielefeld,475_5764
bielefeld,464_5773
bielefeld,465_5758
bielefeld,469_5763
bielefeld,470_5756
bielefeld,465_5754
bielefeld,470_5752
bielefeld,469_5767
bielefeld,475_5768
bielefeld,466_5773
bielefeld,467_5758
bielefeld,458_5756
bielefeld,462_5762
bielefeld,462_5766
bielefeld,472_5752
bielefeld,467_5754
bielefeld,472_5756
bielefeld,466_5754
bielefeld,473_5756
bielefeld,476_5764
bielefeld,463_5762
bielefeld,459_5756
bielefeld,466_5758
bielefeld,467_5773
bielefeld,463_5766
bielefeld,472_5771
bielefeld,470_5770
bielefeld,474_5761
bielefeld,465_5772
bielefeld,464_5759
bielefeld,461_5763
bielefeld,474_5765
bielefeld,468_5762
bielefeld,471_5757
bielefeld,474_5769
bielefeld,471_5753
bielefeld,468_5766
bielefeld,464_5755
bielefeld,470_5757
bielefeld,469_5762
bielefeld,465_5751
bielefeld,465_5755
bielefeld,469_5766
bielefeld,470_5753
bielefeld,475_5761
bielefeld,471_5770
bielefeld,475_5765
bielefeld,465_5759
bielefeld,464_5772
bielefeld,472_5753
bielefeld,467_5755
bielefeld,472_5757
bielefeld,467_5759
bielefeld,466_5772
bielefeld,462_5763
bielefeld,458_5757
bielefeld,473_5770
bielefeld,462_5767
bielefeld,476_5765
bielefeld,459_5757
bielefeld,463_5763
bielefeld,467_5772
bielefeld,466_5759
bielefeld,463_5767
bielefeld,476_5761
bielefeld,472_5770
bielefeld,466_5755
bielefeld,473_5753
bielefeld,473_5757
bielefeld,466_5751
bielefeld,466_5767
bielefeld,473_5761
bielefeld,473_5765
bielefeld,463_5759
bielefeld,466_5763
bielefeld,463_5755
bielefeld,473_5769
bielefeld,472_5769
bielefeld,462_5755
bielefeld,472_5761
bielefeld,467_5767
bielefeld,467_5763
bielefeld,462_5759
bielefeld,463_5772
bielefeld,472_5765
bielefeld,460_5755
bielefeld,470_5769
bielefeld,468_5773
bielefeld,469_5758
bielefeld,475_5757
bielefeld,470_5765
bielefeld,465_5763
bielefeld,465_5767
bielefeld,470_5761
bielefeld,469_5754
bielefeld,464_5763
bielefeld,461_5759
bielefeld,471_5765
bielefeld,468_5754
bielefeld,471_5761
bielefeld,464_5767
bielefeld,474_5753
bielefeld,471_5769
bielefeld,461_5755
bielefeld,474_5757
bielefeld,468_5758
bielefeld,469_5773
bielefeld,469_5760
bielefeld,470_5755
bielefeld,465_5753
bielefeld,465_5757
bielefeld,469_5764
bielefeld,460_5765
bielefeld,470_5759
bielefeld,475_5763
bielefeld,469_5768
bielefeld,475_5767
bielefeld,464_5770
bielefeld,474_5763
bielefeld,471_5759
bielefeld,470_5772
bielefeld,461_5765
bielefeld,465_5770
bielefeld,474_5767
bielefeld,468_5768
bielefeld,471_5755
bielefeld,468_5760
bielefeld,468_5764
bielefeld,464_5757
bielefeld,476_5767
bielefeld,467_5770
bielefeld,463_5761
bielefeld,463_5765
bielefeld,473_5759
bielefeld,476_5763
bielefeld,466_5757
bielefeld,473_5755
bielefeld,463_5769
bielefeld,466_5753
bielefeld,467_5757
bielefeld,467_5753
bielefeld,462_5769
bielefeld,472_5755
bielefeld,462_5761
bielefeld,466_5770
bielefeld,472_5759
bielefeld,462_5765
bielefeld,467_5769
bielefeld,462_5757
bielefeld,472_5763
bielefeld,467_5765
bielefeld,463_5770
bielefeld,467_5761
bielefeld,472_5767
bielefeld,466_5765
bielefeld,473_5763
bielefeld,476_5759
bielefeld,473_5767
bielefeld,466_5761
bielefeld,462_5770
bielefeld,466_5769
bielefeld,463_5757
bielefeld,464_5761
bielefeld,468_5752
bielefeld,471_5767
bielefeld,474_5759
bielefeld,457_5758
bielefeld,471_5763
bielefeld,468_5756
bielefeld,464_5765
bielefeld,461_5757
bielefeld,464_5769
bielefeld,469_5771
bielefeld,474_5755
bielefeld,460_5757
bielefeld,475_5755
bielefeld,468_5771
bielefeld,465_5769
bielefeld,470_5767
bielefeld,469_5752
bielefeld,465_5761
bielefeld,465_5765
bielefeld,469_5756
bielefeld,470_5763
bielefeld,475_5759
bielefeld,472_5762
bielefeld,467_5764
bielefeld,463_5771
bielefeld,467_5760
bielefeld,472_5766
bielefeld,467_5768
bielefeld,462_5756
bielefeld,466_5768
bielefeld,463_5756
bielefeld,466_5764
bielefeld,473_5762
bielefeld,476_5758
bielefeld,473_5766
bielefeld,466_5760
bielefeld,461_5756
bielefeld,464_5768
bielefeld,469_5770
bielefeld,474_5754
bielefeld,464_5760
bielefeld,471_5766
bielefeld,468_5753
bielefeld,474_5758
bielefeld,468_5757
bielefeld,471_5762
bielefeld,464_5764
bielefeld,469_5753
bielefeld,470_5766
bielefeld,465_5760
bielefeld,465_5764
bielefeld,470_5762
bielefeld,469_5757
bielefeld,475_5758
bielefeld,460_5756
bielefeld,468_5770
bielefeld,465_5768
bielefeld,460_5764
bielefeld,470_5758
bielefeld,475_5762
bielefeld,469_5769
bielefeld,475_5766
bielefeld,464_5771
bielefeld,470_5754
bielefeld,469_5761
bielefeld,465_5752
bielefeld,465_5756
bielefeld,469_5765
bielefeld,468_5761
bielefeld,471_5754
bielefeld,468_5765
bielefeld,464_5756
bielefeld,474_5762
bielefeld,470_5773
bielefeld,471_5758
bielefeld,461_5764
bielefeld,465_5771
bielefeld,474_5766
bielefeld,468_5769
bielefeld,459_5758
bielefeld,466_5756
bielefeld,473_5754
bielefeld,463_5768
bielefeld,466_5752
bielefeld,476_5766
bielefeld,467_5771
bielefeld,463_5760
bielefeld,463_5764
bielefeld,473_5758
bielefeld,476_5762
bielefeld,462_5760
bielefeld,466_5771
bielefeld,472_5758
bielefeld,462_5764
bielefeld,467_5756
bielefeld,458_5758
bielefeld,467_5752
bielefeld,462_5768
bielefeld,472_5754
bochum,376_5707
bochum,369_5699
bochum,376_5703
bochum,383_5703
bochum,383_5707
bochum,382_5703
bochum,382_5707
bochum,377_5707
bochum,377_5703
bochum,369_5700
bochum,380_5707
bochum,369_5704
bochum,380_5703
bochum,375_5703
bochum,376_5696
bochum,375_5707
bochum,374_5703
bochum,374_5707
bochum,381_5707
bochum,381_5703
bochum,368_5704
bochum,371_5707
bochum,371_5703
bochum,378_5702
bochum,384_5703
bochum,378_5706
bochum,385_5703
bochum,379_5702
bochum,379_5706
bochum,370_5707
bochum,370_5703
bochum,378_5697
bochum,372_5703
bochum,372_5707
bochum,373_5703
bochum,373_5707
bochum,378_5703
bochum,384_5702
bochum,384_5706
bochum,378_5707
bochum,372_5697
bochum,371_5706
bochum,371_5702
bochum,370_5706
bochum,373_5697
bochum,370_5702
bochum,385_5702
bochum,379_5703
bochum,379_5707
bochum,372_5702
bochum,371_5697
bochum,372_5706
bochum,373_5702
bochum,373_5706
bochum,383_5702
bochum,383_5706
bochum,375_5697
bochum,376_5706
bochum,376_5702
bochum,377_5706
bochum,374_5697
bochum,377_5702
bochum,382_5702
bochum,382_5706
bochum,375_5702
bochum,376_5697
bochum,375_5706
bochum,369_5701
bochum,380_5706
bochum,369_5705
bochum,380_5702
bochum,381_5706
bochum,381_5702
bochum,368_5705
bochum,374_5702
bochum,374_5706
bochum,377_5697
bochum,370_5704
bochum,370_5700
bochum,379_5709
bochum,373_5699
bochum,379_5701
bochum,379_5705
bochum,385_5704
bochum,378_5701
bochum,372_5699
bochum,384_5704
bochum,378_5705
bochum,371_5704
bochum,378_5709
bochum,371_5700
bochum,370_5699
bochum,373_5700
bochum,379_5698
bochum,373_5704
bochum,378_5698
bochum,372_5700
bochum,372_5704
bochum,371_5699
bochum,372_5708
bochum,377_5704
bochum,377_5700
bochum,382_5708
bochum,377_5708
bochum,374_5699
bochum,382_5704
bochum,375_5699
bochum,376_5708
bochum,383_5704
bochum,376_5704
bochum,380_5699
bochum,376_5700
bochum,368_5703
bochum,381_5704
bochum,374_5708
bochum,377_5699
bochum,381_5700
bochum,381_5708
bochum,374_5700
bochum,374_5704
bochum,375_5700
bochum,380_5708
bochum,375_5704
bochum,380_5704
bochum,369_5703
bochum,380_5700
bochum,376_5699
bochum,375_5708
bochum,377_5709
bochum,374_5698
bochum,382_5701
bochum,382_5705
bochum,377_5705
bochum,382_5709
bochum,377_5701
bochum,376_5705
bochum,376_5701
bochum,380_5698
bochum,383_5709
bochum,383_5701
bochum,375_5698
bochum,376_5709
bochum,383_5705
bochum,374_5701
bochum,381_5709
bochum,374_5705
bochum,368_5702
bochum,381_5705
bochum,381_5701
bochum,374_5709
bochum,377_5698
bochum,380_5705
bochum,369_5702
bochum,376_5698
bochum,375_5709
bochum,380_5701
bochum,380_5709
bochum,375_5701
bochum,375_5705
bochum,381_5710
bochum,373_5698
bochum,379_5700
bochum,379_5704
bochum,385_5705
bochum,370_5705
bochum,370_5701
bochum,379_5708
bochum,371_5705
bochum,378_5708
bochum,371_5701
bochum,378_5700
bochum,384_5701
bochum,372_5698
bochum,384_5705
bochum,378_5704
bochum,373_5701
bochum,379_5699
bochum,373_5705
bochum,382_5710
bochum,370_5698
bochum,371_5698
bochum,378_5699
bochum,372_5701
bochum,372_5705
bonn,363_5613
bonn,363_5617
bonn,373_5623
bonn,366_5625
bonn,366_5621
bonn,367_5625
bonn,372_5623
bonn,367_5621
bonn,362_5613
bonn,362_5617
bonn,365_5621
bonn,369_5612
bonn,370_5623
bonn,369_5616
bonn,365_5625
bonn,360_5617
bonn,360_5613
bonn,361_5617
bonn,361_5613
bonn,368_5612
bonn,364_5621
bonn,364_5625
bonn,368_5616
bonn,371_5623
bonn,368_5620
bonn,371_5615
bonn,364_5613
bonn,364_5617
bonn,368_5624
bonn,361_5625
bonn,371_5619
bonn,361_5621
bonn,370_5619
bonn,360_5621
bonn,365_5613
bonn,370_5615
bonn,369_5620
bonn,369_5624
bonn,365_5617
bonn,362_5621
bonn,362_5625
bonn,372_5619
bonn,367_5617
bonn,372_5611
bonn,372_5615
bonn,367_5613
bonn,366_5617
bonn,366_5613
bonn,363_5621
bonn,363_5625
bonn,361_5624
bonn,371_5618
bonn,361_5620
bonn,371_5614
bonn,368_5621
bonn,364_5612
bonn,364_5616
bonn,368_5625
bonn,365_5612
bonn,369_5621
bonn,370_5614
bonn,369_5625
bonn,365_5616
bonn,370_5618
bonn,367_5616
bonn,372_5614
bonn,367_5612
bonn,362_5620
bonn,362_5624
bonn,363_5620
bonn,363_5624
bonn,366_5616
bonn,373_5622
bonn,366_5624
bonn,366_5620
bonn,363_5612
bonn,363_5616
bonn,362_5612
bonn,362_5616
bonn,367_5624
bonn,372_5622
bonn,367_5620
bonn,360_5616
bonn,365_5620
bonn,369_5613
bonn,369_5617
bonn,370_5622
bonn,365_5624
bonn,368_5613
bonn,364_5620
bonn,364_5624
bonn,371_5622
bonn,368_5617
bonn,361_5616
bonn,361_5612
bonn,370_5616
bonn,369_5623
bonn,370_5612
bonn,365_5614
bonn,365_5618
bonn,361_5622
bonn,364_5618
bonn,368_5623
bonn,371_5616
bonn,364_5614
bonn,371_5612
bonn,366_5618
bonn,363_5622
bonn,363_5626
bonn,373_5612
bonn,366_5614
bonn,367_5614
bonn,372_5612
bonn,362_5622
bonn,367_5618
bonn,362_5610
bonn,362_5614
bonn,367_5626
bonn,372_5620
bonn,362_5618
bonn,367_5622
bonn,366_5626
bonn,366_5622
bonn,363_5618
bonn,363_5610
bonn,363_5614
bonn,361_5618
bonn,364_5622
bonn,368_5615
bonn,371_5620
bonn,361_5614
bonn,368_5619
bonn,360_5614
bonn,369_5619
bonn,365_5622
bonn,360_5618
bonn,370_5624
bonn,370_5620
bonn,369_5615
bonn,372_5621
bonn,362_5619
bonn,367_5623
bonn,362_5611
bonn,362_5615
bonn,363_5611
bonn,363_5615
bonn,373_5621
bonn,366_5623
bonn,363_5619
bonn,361_5615
bonn,368_5618
bonn,361_5611
bonn,361_5619
bonn,364_5623
bonn,371_5621
bonn,368_5614
bonn,365_5623
bonn,360_5619
bonn,369_5614
bonn,370_5621
bonn,360_5615
bonn,369_5618
bonn,365_5619
bonn,369_5622
bonn,370_5617
bonn,370_5613
bonn,365_5615
bonn,371_5617
bonn,368_5622
bonn,364_5611
bonn,364_5615
bonn,368_5626
bonn,371_5613
bonn,361_5623
bonn,364_5619
bonn,373_5613
bonn,366_5615
bonn,366_5619
bonn,363_5623
bonn,362_5623
bonn,367_5619
bonn,367_5615
bonn,372_5613
borken,344_5740
borken,351_5746
borken,355_5753
borken,351_5742
borken,344_5744
borken,344_5748
borken,349_5750
borken,348_5750
borken,345_5748
borken,350_5746
borken,345_5740
borken,345_5744
borken,350_5742
borken,354_5753
borken,347_5748
borken,356_5753
borken,352_5742
borken,347_5744
borken,347_5740
borken,352_5746
borken,346_5744
borken,353_5742
borken,353_5746
borken,346_5740
borken,346_5748
borken,356_5746
borken,347_5751
borken,343_5744
borken,352_5753
borken,346_5751
borken,353_5753
borken,349_5741
borken,349_5745
borken,351_5753
borken,355_5742
borken,349_5749
borken,355_5746
borken,344_5751
borken,354_5742
borken,350_5753
borken,345_5751
borken,354_5746
borken,348_5749
borken,348_5741
borken,348_5745
borken,347_5750
borken,343_5745
borken,352_5752
borken,346_5750
borken,353_5752
borken,351_5752
borken,355_5743
borken,349_5748
borken,355_5747
borken,349_5740
borken,349_5744
borken,348_5744
borken,354_5743
borken,350_5752
borken,345_5750
borken,354_5747
borken,348_5748
borken,349_5751
borken,344_5741
borken,351_5747
borken,355_5752
borken,351_5743
borken,344_5745
borken,350_5747
borken,345_5741
borken,345_5745
borken,350_5743
borken,354_5752
borken,348_5751
borken,345_5749
borken,356_5752
borken,352_5743
borken,347_5745
borken,347_5741
borken,352_5747
borken,347_5749
borken,346_5749
borken,346_5745
borken,353_5743
borken,353_5747
borken,346_5741
borken,346_5752
borken,353_5754
borken,353_5750
borken,352_5754
borken,347_5752
borken,356_5741
borken,352_5750
borken,348_5742
borken,354_5749
borken,348_5746
borken,350_5750
borken,354_5741
borken,345_5752
borken,350_5754
borken,352_5739
borken,354_5745
borken,355_5741
borken,351_5750
borken,353_5739
borken,355_5745
borken,351_5754
borken,344_5752
borken,349_5742
borken,349_5746
borken,355_5749
borken,354_5754
borken,350_5745
borken,356_5739
borken,345_5743
borken,345_5747
borken,354_5750
borken,350_5741
borken,350_5749
borken,348_5753
borken,351_5749
borken,349_5753
borken,344_5743
borken,351_5745
borken,355_5754
borken,351_5741
borken,355_5750
borken,344_5747
borken,353_5749
borken,346_5747
borken,353_5741
borken,353_5745
borken,355_5739
borken,346_5743
borken,352_5741
borken,347_5747
borken,347_5743
borken,352_5745
borken,354_5739
borken,352_5749
borken,350_5748
borken,348_5752
borken,354_5755
borken,356_5738
borken,350_5744
borken,345_5742
borken,345_5746
borken,354_5751
borken,350_5740
borken,344_5742
borken,351_5744
borken,351_5740
borken,355_5751
borken,344_5746
borken,351_5748
borken,349_5752
borken,346_5746
borken,353_5740
borken,355_5738
borken,353_5744
borken,346_5742
borken,353_5748
borken,352_5748
borken,352_5740
borken,347_5746
borken,347_5742
borken,354_5738
borken,352_5744
borken,346_5753
borken,353_5755
borken,353_5751
borken,352_5755
borken,347_5753
borken,356_5740
borken,352_5751
borken,350_5751
borken,354_5740
borken,345_5753
borken,354_5744
borken,352_5738
borken,348_5743
borken,354_5748
borken,348_5747
borken,349_5743
borken,349_5747
borken,355_5748
borken,355_5740
borken,351_5751
borken,355_5744
borken,353_5738
borken,344_5753
bottrop,356_5721
bottrop,353_5717
bottrop,353_5713
bottrop,352_5717
bottrop,352_5713
bottrop,357_5721
bottrop,360_5709
bottrop,350_5717
bottrop,359_5712
bottrop,355_5721
bottrop,354_5721
bottrop,358_5712
bottrop,351_5713
bottrop,351_5717
bottrop,359_5707
bottrop,354_5717
bottrop,354_5713
bottrop,358_5720
bottrop,355_5717
bottrop,359_5720
bottrop,355_5713
bottrop,358_5707
bottrop,357_5713
bottrop,361_5710
bottrop,357_5717
bottrop,352_5721
bottrop,353_5721
bottrop,356_5713
bottrop,356_5717
bottrop,360_5710
bottrop,354_5716
bottrop,354_5712
bottrop,358_5721
bottrop,351_5720
bottrop,355_5716
bottrop,359_5721
bottrop,355_5712
bottrop,352_5720
bottrop,357_5712
bottrop,361_5711
bottrop,356_5712
bottrop,356_5716
bottrop,360_5711
bottrop,360_5719
bottrop,353_5720
bottrop,353_5716
bottrop,357_5707
bottrop,353_5712
bottrop,356_5720
bottrop,357_5720
bottrop,360_5708
bottrop,356_5707
bottrop,352_5716
bottrop,352_5712
bottrop,355_5720
bottrop,350_5716
bottrop,354_5707
bottrop,355_5707
bottrop,351_5716
bottrop,358_5717
bottrop,354_5720
bottrop,358_5713
bottrop,355_5718
bottrop,355_5714
bottrop,358_5708
bottrop,355_5710
bottrop,354_5714
bottrop,354_5710
bottrop,359_5708
bottrop,354_5718
bottrop,356_5710
bottrop,356_5714
bottrop,353_5722
bottrop,356_5718
bottrop,357_5718
bottrop,352_5722
bottrop,353_5709
bottrop,357_5710
bottrop,357_5722
bottrop,356_5709
bottrop,352_5718
bottrop,352_5714
bottrop,353_5714
bottrop,353_5710
bottrop,353_5718
bottrop,357_5709
bottrop,356_5722
bottrop,360_5721
bottrop,358_5719
bottrop,351_5714
bottrop,355_5709
bottrop,354_5722
bottrop,351_5718
bottrop,358_5711
bottrop,359_5711
bottrop,355_5722
bottrop,354_5709
bottrop,359_5719
bottrop,352_5715
bottrop,352_5711
bottrop,356_5708
bottrop,357_5723
bottrop,352_5719
bottrop,353_5719
bottrop,356_5723
bottrop,357_5708
bottrop,360_5720
bottrop,353_5715
bottrop,353_5711
bottrop,355_5708
bottrop,351_5719
bottrop,358_5710
bottrop,358_5718
bottrop,351_5715
bottrop,359_5718
bottrop,350_5715
bottrop,359_5710
bottrop,354_5708
bottrop,355_5723
bottrop,355_5715
bottrop,359_5722
bottrop,358_5709
bottrop,355_5711
bottrop,349_5716
bottrop,355_5719
bottrop,354_5719
bottrop,354_5715
bottrop,354_5711
bottrop,359_5709
bottrop,358_5722
bottrop,356_5719
bottrop,356_5711
bottrop,356_5715
bottrop,360_5712
bottrop,357_5711
bottrop,357_5719
dortmund,393_5707
dortmund,386_5705
dortmund,397_5712
dortmund,400_5708
dortmund,393_5703
dortmund,404_5711
dortmund,400_5704
dortmund,386_5709
dortmund,405_5711
dortmund,387_5709
dortmund,401_5704
dortmund,392_5707
dortmund,396_5716
dortmund,392_5703
dortmund,401_5708
dortmund,396_5712
dortmund,387_5705
dortmund,388_5711
dortmund,403_5704
dortmund,385_5709
dortmund,399_5706
dortmund,399_5702
dortmund,388_5715
dortmund,385_5705
dortmund,403_5708
dortmund,394_5712
dortmund,390_5703
dortmund,394_5716
dortmund,390_5707
dortmund,391_5703
dortmund,395_5712
dortmund,402_5708
dortmund,384_5705
dortmund,391_5707
dortmund,395_5716
dortmund,398_5706
dortmund,384_5709
dortmund,402_5704
dortmund,389_5711
dortmund,389_5715
dortmund,398_5702
dortmund,385_5710
dortmund,390_5716
dortmund,388_5708
dortmund,394_5707
dortmund,390_5712
dortmund,394_5703
dortmund,385_5714
dortmund,403_5711
dortmund,388_5704
dortmund,399_5713
dortmund,398_5713
dortmund,389_5704
dortmund,402_5711
dortmund,389_5700
dortmund,402_5715
dortmund,395_5707
dortmund,389_5708
dortmund,395_5703
dortmund,391_5712
dortmund,382_5709
dortmund,400_5715
dortmund,400_5711
dortmund,404_5708
dortmund,393_5712
dortmund,397_5703
dortmund,386_5714
dortmund,386_5710
dortmund,393_5716
dortmund,397_5707
dortmund,383_5705
dortmund,387_5714
dortmund,396_5703
dortmund,392_5712
dortmund,405_5708
dortmund,396_5707
dortmund,387_5710
dortmund,401_5715
dortmund,383_5709
dortmund,401_5711
dortmund,403_5710
dortmund,388_5705
dortmund,399_5712
dortmund,388_5701
dortmund,385_5711
dortmund,388_5709
dortmund,390_5717
dortmund,394_5706
dortmund,390_5713
dortmund,394_5702
dortmund,385_5715
dortmund,395_5706
dortmund,396_5697
dortmund,389_5709
dortmund,384_5715
dortmund,395_5702
dortmund,391_5713
dortmund,398_5712
dortmund,389_5705
dortmund,402_5710
dortmund,389_5701
dortmund,402_5714
dortmund,393_5713
dortmund,404_5709
dortmund,397_5702
dortmund,386_5715
dortmund,386_5711
dortmund,394_5697
dortmund,397_5706
dortmund,382_5708
dortmund,400_5714
dortmund,400_5710
dortmund,401_5714
dortmund,383_5708
dortmund,401_5710
dortmund,387_5715
dortmund,396_5702
dortmund,405_5709
dortmund,392_5713
dortmund,396_5706
dortmund,395_5697
dortmund,387_5711
dortmund,404_5710
dortmund,400_5705
dortmund,386_5708
dortmund,393_5706
dortmund,386_5704
dortmund,400_5709
dortmund,397_5713
dortmund,393_5702
dortmund,392_5706
dortmund,392_5702
dortmund,396_5713
dortmund,401_5709
dortmund,387_5704
dortmund,405_5710
dortmund,387_5708
dortmund,401_5705
dortmund,385_5704
dortmund,394_5713
dortmund,403_5709
dortmund,390_5702
dortmund,393_5697
dortmund,390_5706
dortmund,388_5710
dortmund,403_5705
dortmund,385_5708
dortmund,399_5707
dortmund,399_5703
dortmund,388_5714
dortmund,398_5707
dortmund,384_5708
dortmund,402_5705
dortmund,389_5710
dortmund,389_5714
dortmund,398_5703
dortmund,391_5702
dortmund,402_5709
dortmund,395_5713
dortmund,384_5704
dortmund,391_5706
dortmund,391_5715
dortmund,395_5704
dortmund,391_5711
dortmund,395_5700
dortmund,398_5710
dortmund,402_5712
dortmund,395_5708
dortmund,396_5699
dortmund,389_5707
dortmund,389_5703
dortmund,398_5714
dortmund,388_5707
dortmund,397_5699
dortmund,394_5708
dortmund,403_5712
dortmund,399_5710
dortmund,399_5714
dortmund,388_5703
dortmund,385_5713
dortmund,394_5704
dortmund,390_5715
dortmund,394_5700
dortmund,390_5711
dortmund,396_5708
dortmund,395_5699
dortmund,401_5712
dortmund,383_5706
dortmund,392_5711
dortmund,396_5700
dortmund,392_5715
dortmund,396_5704
dortmund,387_5713
dortmund,397_5700
dortmund,393_5711
dortmund,386_5713
dortmund,397_5704
dortmund,393_5715
dortmund,400_5716
dortmund,400_5712
dortmund,394_5699
dortmund,397_5708
dortmund,396_5715
dortmund,392_5704
dortmund,396_5711
dortmund,392_5700
dortmund,387_5706
dortmund,392_5708
dortmund,391_5699
dortmund,401_5703
dortmund,401_5707
dortmund,400_5703
dortmund,390_5699
dortmund,393_5708
dortmund,404_5712
dortmund,400_5707
dortmund,393_5704
dortmund,397_5715
dortmund,386_5706
dortmund,393_5700
dortmund,397_5711
dortmund,398_5705
dortmund,389_5712
dortmund,402_5707
dortmund,391_5708
dortmund,392_5699
dortmund,389_5716
dortmund,402_5703
dortmund,398_5701
dortmund,395_5711
dortmund,391_5700
dortmund,398_5709
dortmund,384_5706
dortmund,395_5715
dortmund,391_5704
dortmund,385_5706
dortmund,399_5709
dortmund,390_5700
dortmund,394_5711
dortmund,390_5704
dortmund,394_5715
dortmund,403_5707
dortmund,388_5712
dortmund,399_5705
dortmund,399_5701
dortmund,403_5703
dortmund,393_5699
dortmund,390_5708
dortmund,388_5716
dortmund,392_5709
dortmund,401_5702
dortmund,401_5706
dortmund,387_5703
dortmund,396_5714
dortmund,392_5705
dortmund,396_5710
dortmund,392_5701
dortmund,398_5699
dortmund,387_5707
dortmund,393_5705
dortmund,397_5714
dortmund,386_5707
dortmund,393_5701
dortmund,397_5710
dortmund,393_5709
dortmund,400_5706
dortmund,395_5710
dortmund,391_5701
dortmund,398_5708
dortmund,384_5707
dortmund,395_5714
dortmund,391_5705
dortmund,398_5704
dortmund,389_5713
dortmund,402_5706
dortmund,389_5717
dortmund,391_5709
dortmund,402_5702
dortmund,398_5700
dortmund,388_5713
dortmund,399_5704
dortmund,393_5698
dortmund,390_5709
dortmund,385_5707
dortmund,399_5708
dortmund,390_5701
dortmund,394_5710
dortmund,390_5705
dortmund,394_5714
dortmund,398_5711
dortmund,395_5709
dortmund,396_5698
dortmund,402_5713
dortmund,389_5706
dortmund,389_5702
dortmund,398_5715
dortmund,391_5714
dortmund,395_5705
dortmund,391_5710
dortmund,395_5701
dortmund,385_5712
dortmund,394_5705
dortmund,390_5714
dortmund,394_5701
dortmund,390_5710
dortmund,385_5716
dortmund,388_5706
dortmund,403_5713
dortmund,394_5709
dortmund,399_5711
dortmund,399_5715
dortmund,388_5702
dortmund,387_5716
dortmund,383_5707
dortmund,392_5710
dortmund,396_5701
dortmund,392_5714
dortmund,396_5705
dortmund,387_5712
dortmund,401_5713
dortmund,396_5709
dortmund,395_5698
dortmund,394_5698
dortmund,397_5709
dortmund,400_5713
dortmund,397_5701
dortmund,393_5710
dortmund,382_5707
dortmund,386_5716
dortmund,386_5712
dortmund,397_5705
dortmund,393_5714
ennepetal,382_5682
ennepetal,383_5682
ennepetal,388_5683
ennepetal,388_5687
ennepetal,389_5683
ennepetal,389_5687
ennepetal,385_5682
ennepetal,385_5686
ennepetal,384_5682
ennepetal,386_5686
ennepetal,386_5682
ennepetal,387_5686
ennepetal,387_5682
ennepetal,385_5683
ennepetal,385_5677
ennepetal,390_5679
ennepetal,384_5683
ennepetal,384_5677
ennepetal,386_5687
ennepetal,386_5683
ennepetal,387_5687
ennepetal,387_5683
ennepetal,382_5683
ennepetal,382_5677
ennepetal,383_5683
ennepetal,388_5682
ennepetal,388_5686
ennepetal,381_5677
ennepetal,389_5682
ennepetal,389_5686
ennepetal,384_5679
ennepetal,384_5681
ennepetal,384_5685
ennepetal,385_5681
ennepetal,390_5687
ennepetal,390_5683
ennepetal,385_5685
ennepetal,385_5679
ennepetal,387_5685
ennepetal,387_5681
ennepetal,387_5679
ennepetal,386_5679
ennepetal,386_5685
ennepetal,386_5681
ennepetal,383_5679
ennepetal,383_5681
ennepetal,383_5685
ennepetal,382_5681
ennepetal,382_5685
ennepetal,382_5679
ennepetal,389_5678
ennepetal,389_5680
ennepetal,389_5684
ennepetal,381_5679
ennepetal,388_5680
ennepetal,388_5684
ennepetal,388_5678
ennepetal,383_5680
ennepetal,383_5684
ennepetal,383_5678
ennepetal,382_5678
ennepetal,382_5680
ennepetal,382_5684
ennepetal,389_5681
ennepetal,389_5685
ennepetal,389_5679
ennepetal,381_5684
ennepetal,388_5679
ennepetal,381_5680
ennepetal,381_5678
ennepetal,388_5681
ennepetal,388_5685
ennepetal,384_5680
ennepetal,384_5684
ennepetal,384_5678
ennepetal,385_5678
ennepetal,385_5680
ennepetal,390_5686
ennepetal,390_5682
ennepetal,385_5684
ennepetal,387_5678
ennepetal,387_5684
ennepetal,387_5680
ennepetal,386_5684
ennepetal,386_5680
ennepetal,386_5678
essen,364_5707
essen,367_5696
essen,358_5698
essen,364_5703
essen,367_5692
essen,358_5694
essen,358_5690
essen,359_5694
essen,359_5690
essen,359_5698
essen,366_5696
essen,365_5707
essen,366_5692
essen,365_5703
essen,353_5704
essen,358_5701
essen,358_5705
essen,367_5703
essen,364_5692
essen,364_5696
essen,365_5692
essen,366_5703
essen,365_5696
essen,370_5698
essen,359_5701
essen,359_5705
essen,356_5691
essen,363_5707
essen,360_5696
essen,363_5703
essen,360_5692
essen,355_5704
essen,356_5695
essen,369_5693
essen,369_5697
essen,368_5693
essen,357_5699
essen,368_5697
essen,361_5696
essen,362_5707
essen,357_5691
essen,357_5695
essen,354_5704
essen,361_5692
essen,362_5703
essen,369_5702
essen,360_5703
essen,363_5692
essen,356_5704
essen,355_5691
essen,360_5707
essen,363_5696
essen,357_5704
essen,362_5692
essen,361_5703
essen,362_5696
essen,361_5707
essen,354_5691
essen,357_5700
essen,368_5702
essen,369_5696
essen,355_5701
essen,356_5690
essen,363_5706
essen,360_5697
essen,363_5702
essen,360_5693
essen,355_5705
essen,356_5694
essen,361_5697
essen,362_5706
essen,357_5690
essen,357_5694
essen,354_5705
essen,361_5693
essen,362_5702
essen,357_5698
essen,368_5696
essen,360_5702
essen,363_5693
essen,356_5705
essen,355_5694
essen,356_5701
essen,355_5690
essen,360_5706
essen,363_5697
essen,369_5703
essen,368_5703
essen,354_5694
essen,357_5705
essen,362_5693
essen,361_5702
essen,362_5697
essen,361_5706
essen,357_5701
essen,358_5695
essen,358_5691
essen,364_5706
essen,367_5697
essen,358_5699
essen,364_5702
essen,367_5693
essen,370_5700
essen,359_5699
essen,366_5697
essen,365_5706
essen,366_5693
essen,365_5702
essen,353_5705
essen,359_5695
essen,359_5691
essen,367_5702
essen,364_5693
essen,364_5697
essen,358_5700
essen,358_5704
essen,370_5699
essen,359_5700
essen,359_5704
essen,365_5693
essen,366_5702
essen,359_5708
essen,365_5697
essen,366_5706
essen,362_5704
essen,361_5695
essen,354_5703
essen,357_5692
essen,357_5696
essen,368_5698
essen,362_5700
essen,361_5691
essen,361_5699
essen,362_5708
essen,368_5694
essen,363_5708
essen,360_5699
essen,369_5694
essen,356_5692
essen,355_5703
essen,360_5695
essen,363_5704
essen,360_5691
essen,363_5700
essen,369_5698
essen,356_5696
essen,355_5707
essen,368_5705
essen,368_5701
essen,362_5699
essen,361_5708
essen,357_5707
essen,361_5700
essen,362_5691
essen,361_5704
essen,362_5695
essen,357_5703
essen,354_5692
essen,363_5691
essen,360_5700
essen,356_5707
essen,355_5692
essen,356_5703
essen,363_5695
essen,360_5704
essen,360_5708
essen,363_5699
essen,369_5701
essen,365_5704
essen,366_5695
essen,365_5700
essen,361_5711
essen,359_5697
essen,366_5699
essen,359_5693
essen,364_5708
essen,367_5699
essen,358_5697
essen,358_5693
essen,367_5695
essen,364_5704
essen,364_5700
essen,359_5702
essen,359_5706
essen,365_5699
essen,366_5700
essen,370_5697
essen,366_5704
essen,365_5695
essen,364_5691
essen,367_5700
essen,364_5695
essen,367_5704
essen,358_5702
essen,364_5699
essen,358_5706
essen,359_5696
essen,366_5698
essen,359_5692
essen,365_5705
essen,366_5694
essen,365_5701
essen,361_5710
essen,367_5694
essen,364_5705
essen,360_5710
essen,364_5701
essen,367_5698
essen,358_5696
essen,358_5692
essen,366_5701
essen,362_5710
essen,366_5705
essen,365_5694
essen,359_5703
essen,359_5707
essen,365_5698
essen,358_5703
essen,364_5698
essen,358_5707
essen,367_5701
essen,364_5694
essen,367_5705
essen,361_5698
essen,362_5709
essen,368_5695
essen,362_5705
essen,361_5694
essen,357_5693
essen,354_5706
essen,357_5697
essen,368_5699
essen,362_5701
essen,356_5693
essen,355_5702
essen,360_5694
essen,363_5705
essen,363_5701
essen,369_5699
essen,356_5697
essen,355_5706
essen,363_5709
essen,360_5698
essen,369_5695
essen,357_5706
essen,361_5701
essen,361_5705
essen,362_5694
essen,357_5702
essen,354_5693
essen,368_5704
essen,368_5700
essen,362_5698
essen,361_5709
essen,369_5704
essen,360_5709
essen,363_5698
essen,369_5700
essen,360_5701
essen,356_5706
essen,355_5693
essen,356_5702
essen,363_5694
essen,360_5705
euskirchen,339_5610
euskirchen,349_5615
euskirchen,349_5611
euskirchen,344_5609
euskirchen,339_5614
euskirchen,340_5618
euskirchen,351_5607
euskirchen,340_5610
euskirchen,340_5614
euskirchen,339_5618
euskirchen,351_5603
euskirchen,341_5610
euskirchen,350_5607
euskirchen,350_5603
euskirchen,338_5618
euskirchen,345_5605
euskirchen,341_5614
euskirchen,348_5615
euskirchen,338_5610
euskirchen,341_5618
euskirchen,345_5609
euskirchen,348_5611
euskirchen,343_5614
euskirchen,347_5605
euskirchen,352_5603
euskirchen,352_5607
euskirchen,343_5610
euskirchen,347_5609
euskirchen,342_5618
euskirchen,346_5609
euskirchen,353_5603
euskirchen,346_5605
euskirchen,342_5614
euskirchen,342_5610
euskirchen,343_5609
euskirchen,347_5618
euskirchen,347_5610
euskirchen,347_5614
euskirchen,346_5610
euskirchen,346_5614
euskirchen,346_5618
euskirchen,342_5609
euskirchen,344_5614
euskirchen,339_5609
euskirchen,344_5610
euskirchen,349_5608
euskirchen,340_5609
euskirchen,344_5618
euskirchen,349_5604
euskirchen,345_5618
euskirchen,341_5609
euskirchen,348_5604
euskirchen,345_5614
euskirchen,348_5608
euskirchen,345_5610
euskirchen,347_5611
euskirchen,347_5615
euskirchen,343_5608
euskirchen,347_5619
euskirchen,342_5608
euskirchen,346_5611
euskirchen,346_5615
euskirchen,349_5605
euskirchen,344_5615
euskirchen,344_5611
euskirchen,349_5609
euskirchen,345_5615
euskirchen,348_5609
euskirchen,345_5611
euskirchen,348_5605
euskirchen,340_5611
euskirchen,340_5615
euskirchen,339_5619
euskirchen,339_5611
euskirchen,349_5614
euskirchen,349_5610
euskirchen,339_5615
euskirchen,344_5608
euskirchen,348_5614
euskirchen,338_5611
euskirchen,345_5608
euskirchen,348_5610
euskirchen,341_5611
euskirchen,348_5618
euskirchen,350_5606
euskirchen,345_5604
euskirchen,341_5615
euskirchen,347_5608
euskirchen,343_5615
euskirchen,347_5604
euskirchen,343_5611
euskirchen,346_5604
euskirchen,342_5615
euskirchen,342_5611
euskirchen,346_5608
euskirchen,346_5613
euskirchen,346_5617
euskirchen,347_5613
euskirchen,352_5611
euskirchen,347_5617
euskirchen,345_5617
euskirchen,350_5611
euskirchen,345_5613
euskirchen,348_5603
euskirchen,348_5607
euskirchen,349_5603
euskirchen,349_5607
euskirchen,351_5611
euskirchen,344_5617
euskirchen,344_5613
euskirchen,350_5608
euskirchen,348_5616
euskirchen,338_5613
euskirchen,338_5617
euskirchen,348_5612
euskirchen,341_5613
euskirchen,350_5604
euskirchen,341_5617
euskirchen,345_5606
euskirchen,351_5604
euskirchen,340_5613
euskirchen,340_5617
euskirchen,339_5613
euskirchen,351_5608
euskirchen,349_5616
euskirchen,349_5612
euskirchen,339_5617
euskirchen,342_5617
euskirchen,346_5606
euskirchen,342_5613
euskirchen,353_5604
euskirchen,352_5608
euskirchen,347_5606
euskirchen,343_5617
euskirchen,352_5604
euskirchen,343_5613
euskirchen,341_5612
euskirchen,345_5603
euskirchen,350_5605
euskirchen,341_5616
euskirchen,345_5607
euskirchen,348_5617
euskirchen,350_5609
euskirchen,338_5612
euskirchen,338_5616
euskirchen,348_5613
euskirchen,339_5612
euskirchen,349_5617
euskirchen,351_5609
euskirchen,349_5613
euskirchen,339_5616
euskirchen,351_5605
euskirchen,340_5612
euskirchen,340_5616
euskirchen,342_5616
euskirchen,346_5607
euskirchen,342_5612
euskirchen,346_5603
euskirchen,353_5605
euskirchen,347_5607
euskirchen,343_5616
euskirchen,352_5605
euskirchen,347_5603
euskirchen,343_5612
euskirchen,352_5609
euskirchen,346_5612
euskirchen,346_5616
euskirchen,347_5612
euskirchen,352_5610
euskirchen,347_5616
euskirchen,348_5606
euskirchen,345_5616
euskirchen,350_5610
euskirchen,345_5612
euskirchen,351_5610
euskirchen,344_5616
euskirchen,344_5612
euskirchen,349_5606
gelsenkirchen,362_5715
gelsenkirchen,362_5711
gelsenkirchen,362_5719
gelsenkirchen,366_5708
gelsenkirchen,367_5708
gelsenkirchen,363_5719
gelsenkirchen,363_5715
gelsenkirchen,363_5711
gelsenkirchen,368_5714
gelsenkirchen,361_5719
gelsenkirchen,365_5708
gelsenkirchen,368_5710
gelsenkirchen,361_5711
gelsenkirchen,370_5706
gelsenkirchen,369_5714
gelsenkirchen,369_5710
gelsenkirchen,364_5708
gelsenkirchen,365_5715
gelsenkirchen,370_5713
gelsenkirchen,368_5709
gelsenkirchen,365_5711
gelsenkirchen,365_5719
gelsenkirchen,368_5705
gelsenkirchen,364_5719
gelsenkirchen,369_5705
gelsenkirchen,371_5713
gelsenkirchen,364_5715
gelsenkirchen,364_5711
gelsenkirchen,369_5709
gelsenkirchen,366_5719
gelsenkirchen,366_5711
gelsenkirchen,366_5715
gelsenkirchen,367_5711
gelsenkirchen,367_5715
gelsenkirchen,363_5708
gelsenkirchen,365_5718
gelsenkirchen,365_5714
gelsenkirchen,370_5712
gelsenkirchen,368_5708
gelsenkirchen,370_5716
gelsenkirchen,365_5710
gelsenkirchen,371_5712
gelsenkirchen,364_5714
gelsenkirchen,364_5710
gelsenkirchen,369_5708
gelsenkirchen,364_5718
gelsenkirchen,366_5710
gelsenkirchen,366_5714
gelsenkirchen,366_5718
gelsenkirchen,362_5709
gelsenkirchen,363_5709
gelsenkirchen,367_5710
gelsenkirchen,367_5714
gelsenkirchen,362_5718
gelsenkirchen,366_5709
gelsenkirchen,366_5705
gelsenkirchen,362_5714
gelsenkirchen,362_5710
gelsenkirchen,363_5714
gelsenkirchen,367_5705
gelsenkirchen,363_5710
gelsenkirchen,367_5709
gelsenkirchen,363_5718
gelsenkirchen,361_5710
gelsenkirchen,370_5707
gelsenkirchen,368_5715
gelsenkirchen,361_5718
gelsenkirchen,365_5709
gelsenkirchen,368_5711
gelsenkirchen,369_5715
gelsenkirchen,369_5711
gelsenkirchen,364_5709
gelsenkirchen,364_5716
gelsenkirchen,364_5712
gelsenkirchen,371_5714
gelsenkirchen,361_5720
gelsenkirchen,369_5706
gelsenkirchen,360_5720
gelsenkirchen,368_5706
gelsenkirchen,365_5716
gelsenkirchen,370_5710
gelsenkirchen,370_5714
gelsenkirchen,365_5712
gelsenkirchen,362_5720
gelsenkirchen,367_5712
gelsenkirchen,367_5716
gelsenkirchen,366_5712
gelsenkirchen,366_5716
gelsenkirchen,363_5720
gelsenkirchen,367_5707
gelsenkirchen,363_5716
gelsenkirchen,363_5712
gelsenkirchen,366_5720
gelsenkirchen,362_5716
gelsenkirchen,366_5707
gelsenkirchen,362_5712
gelsenkirchen,369_5717
gelsenkirchen,369_5713
gelsenkirchen,365_5720
gelsenkirchen,364_5707
gelsenkirchen,370_5705
gelsenkirchen,365_5707
gelsenkirchen,370_5709
gelsenkirchen,368_5717
gelsenkirchen,364_5720
gelsenkirchen,368_5713
gelsenkirchen,367_5706
gelsenkirchen,363_5717
gelsenkirchen,363_5713
gelsenkirchen,362_5717
gelsenkirchen,366_5706
gelsenkirchen,362_5713
gelsenkirchen,369_5716
gelsenkirchen,371_5708
gelsenkirchen,369_5712
gelsenkirchen,368_5716
gelsenkirchen,370_5708
gelsenkirchen,364_5721
gelsenkirchen,368_5712
gelsenkirchen,361_5717
gelsenkirchen,365_5706
gelsenkirchen,361_5721
gelsenkirchen,369_5707
gelsenkirchen,364_5717
gelsenkirchen,364_5713
gelsenkirchen,365_5717
gelsenkirchen,370_5711
gelsenkirchen,370_5715
gelsenkirchen,365_5713
gelsenkirchen,360_5721
gelsenkirchen,368_5707
gelsenkirchen,367_5713
gelsenkirchen,367_5717
gelsenkirchen,362_5721
gelsenkirchen,363_5721
gelsenkirchen,366_5713
gelsenkirchen,366_5717
guetersloh,454_5748
guetersloh,459_5750
guetersloh,459_5754
guetersloh,462_5747
guetersloh,458_5750
guetersloh,455_5748
guetersloh,458_5754
guetersloh,453_5751
guetersloh,461_5747
guetersloh,465_5752
guetersloh,453_5755
guetersloh,457_5748
guetersloh,456_5748
guetersloh,460_5747
guetersloh,452_5751
guetersloh,464_5752
guetersloh,453_5748
guetersloh,457_5755
guetersloh,461_5752
guetersloh,457_5751
guetersloh,460_5752
guetersloh,456_5755
guetersloh,456_5751
guetersloh,460_5756
guetersloh,459_5749
guetersloh,454_5751
guetersloh,454_5755
guetersloh,462_5752
guetersloh,459_5745
guetersloh,458_5745
guetersloh,455_5751
guetersloh,458_5749
guetersloh,463_5752
guetersloh,455_5755
guetersloh,457_5754
guetersloh,461_5753
guetersloh,457_5750
guetersloh,457_5758
guetersloh,453_5749
guetersloh,452_5749
guetersloh,456_5758
guetersloh,460_5753
guetersloh,456_5754
guetersloh,456_5750
guetersloh,454_5758
guetersloh,459_5748
guetersloh,454_5750
guetersloh,454_5754
guetersloh,462_5753
guetersloh,455_5750
guetersloh,458_5748
guetersloh,463_5753
guetersloh,455_5754
guetersloh,455_5758
guetersloh,454_5749
guetersloh,459_5751
guetersloh,459_5755
guetersloh,458_5751
guetersloh,455_5749
guetersloh,458_5755
guetersloh,457_5749
guetersloh,453_5750
guetersloh,461_5746
guetersloh,465_5753
guetersloh,457_5745
guetersloh,453_5754
guetersloh,460_5746
guetersloh,452_5750
guetersloh,452_5754
guetersloh,456_5745
guetersloh,464_5753
guetersloh,456_5749
guetersloh,460_5751
guetersloh,456_5756
guetersloh,456_5752
guetersloh,460_5755
guetersloh,457_5756
guetersloh,453_5747
guetersloh,461_5751
guetersloh,461_5755
guetersloh,457_5752
guetersloh,455_5752
guetersloh,463_5755
guetersloh,463_5751
guetersloh,455_5756
guetersloh,458_5746
guetersloh,459_5746
guetersloh,462_5755
guetersloh,454_5752
guetersloh,454_5756
guetersloh,462_5751
guetersloh,458_5753
guetersloh,458_5757
guetersloh,455_5747
guetersloh,451_5752
guetersloh,466_5751
guetersloh,454_5747
guetersloh,450_5752
guetersloh,459_5753
guetersloh,462_5748
guetersloh,464_5755
guetersloh,452_5752
guetersloh,456_5747
guetersloh,452_5756
guetersloh,464_5751
guetersloh,460_5748
guetersloh,461_5748
guetersloh,453_5752
guetersloh,465_5751
guetersloh,453_5756
guetersloh,457_5747
guetersloh,455_5746
guetersloh,451_5753
guetersloh,458_5752
guetersloh,458_5756
guetersloh,459_5752
guetersloh,459_5756
guetersloh,462_5749
guetersloh,450_5753
guetersloh,460_5749
guetersloh,460_5745
guetersloh,464_5754
guetersloh,452_5753
guetersloh,456_5746
guetersloh,452_5757
guetersloh,453_5753
guetersloh,465_5754
guetersloh,453_5757
guetersloh,457_5746
guetersloh,461_5749
guetersloh,460_5750
guetersloh,456_5757
guetersloh,456_5753
guetersloh,460_5754
guetersloh,457_5757
guetersloh,461_5750
guetersloh,461_5754
guetersloh,457_5753
guetersloh,458_5747
guetersloh,455_5753
guetersloh,463_5754
guetersloh,463_5750
guetersloh,455_5757
guetersloh,462_5754
guetersloh,454_5753
guetersloh,454_5757
guetersloh,462_5750
guetersloh,459_5747
hagen,397_5682
hagen,393_5693
hagen,397_5686
hagen,393_5697
hagen,400_5694
hagen,400_5690
hagen,401_5694
hagen,401_5690
hagen,392_5693
hagen,396_5682
hagen,392_5697
hagen,396_5686
hagen,387_5691
hagen,388_5685
hagen,399_5692
hagen,394_5686
hagen,388_5689
hagen,394_5682
hagen,390_5693
hagen,389_5689
hagen,395_5686
hagen,391_5693
hagen,395_5682
hagen,398_5692
hagen,402_5690
hagen,389_5685
hagen,398_5696
hagen,394_5693
hagen,390_5686
hagen,394_5697
hagen,388_5690
hagen,399_5687
hagen,399_5683
hagen,388_5694
hagen,398_5687
hagen,389_5690
hagen,389_5694
hagen,398_5683
hagen,395_5693
hagen,402_5689
hagen,395_5697
hagen,391_5686
hagen,400_5685
hagen,393_5686
hagen,393_5682
hagen,397_5693
hagen,400_5689
hagen,396_5697
hagen,392_5686
hagen,401_5689
hagen,396_5693
hagen,387_5688
hagen,401_5685
hagen,388_5691
hagen,399_5686
hagen,399_5682
hagen,388_5695
hagen,390_5683
hagen,394_5692
hagen,390_5687
hagen,394_5696
hagen,402_5688
hagen,395_5692
hagen,391_5683
hagen,395_5696
hagen,391_5687
hagen,398_5686
hagen,389_5691
hagen,389_5695
hagen,398_5682
hagen,393_5687
hagen,397_5696
hagen,400_5688
hagen,397_5692
hagen,400_5684
hagen,386_5689
hagen,387_5689
hagen,401_5684
hagen,396_5696
hagen,392_5687
hagen,396_5692
hagen,401_5688
hagen,400_5695
hagen,400_5691
hagen,397_5683
hagen,393_5692
hagen,397_5687
hagen,393_5696
hagen,392_5692
hagen,396_5683
hagen,392_5696
hagen,396_5687
hagen,387_5690
hagen,401_5691
hagen,394_5687
hagen,388_5688
hagen,394_5683
hagen,390_5692
hagen,388_5684
hagen,399_5693
hagen,398_5693
hagen,389_5684
hagen,389_5688
hagen,395_5687
hagen,391_5692
hagen,395_5683
hagen,395_5690
hagen,398_5688
hagen,391_5685
hagen,395_5694
hagen,398_5684
hagen,389_5693
hagen,391_5689
hagen,398_5680
hagen,388_5693
hagen,399_5684
hagen,390_5689
hagen,399_5688
hagen,394_5690
hagen,394_5694
hagen,390_5685
hagen,392_5689
hagen,401_5686
hagen,392_5685
hagen,396_5694
hagen,396_5690
hagen,397_5694
hagen,397_5690
hagen,393_5689
hagen,400_5682
hagen,400_5686
hagen,396_5681
hagen,392_5690
hagen,396_5685
hagen,392_5694
hagen,396_5689
hagen,401_5693
hagen,400_5693
hagen,397_5689
hagen,393_5690
hagen,397_5681
hagen,393_5694
hagen,397_5685
hagen,398_5691
hagen,389_5686
hagen,395_5689
hagen,398_5695
hagen,395_5685
hagen,391_5694
hagen,395_5681
hagen,391_5690
hagen,390_5694
hagen,394_5685
hagen,390_5690
hagen,394_5681
hagen,394_5689
hagen,399_5691
hagen,399_5695
hagen,401_5692
hagen,396_5688
hagen,396_5680
hagen,392_5691
hagen,396_5684
hagen,392_5695
hagen,393_5691
hagen,397_5680
hagen,393_5695
hagen,397_5684
hagen,397_5688
hagen,400_5692
hagen,395_5684
hagen,391_5695
hagen,391_5691
hagen,398_5690
hagen,389_5687
hagen,395_5688
hagen,389_5683
hagen,398_5694
hagen,394_5688
hagen,388_5687
hagen,399_5690
hagen,399_5694
hagen,390_5695
hagen,390_5691
hagen,398_5685
hagen,389_5692
hagen,391_5688
hagen,398_5681
hagen,395_5691
hagen,398_5689
hagen,391_5684
hagen,395_5695
hagen,399_5689
hagen,394_5691
hagen,394_5695
hagen,390_5684
hagen,388_5692
hagen,399_5685
hagen,399_5681
hagen,390_5688
hagen,396_5695
hagen,396_5691
hagen,401_5683
hagen,392_5688
hagen,401_5687
hagen,393_5688
hagen,400_5683
hagen,400_5687
hagen,397_5695
hagen,397_5691
hamm,419_5727
hamm,419_5723
hamm,423_5717
hamm,410_5722
hamm,426_5725
hamm,422_5730
hamm,426_5721
hamm,427_5725
hamm,411_5722
hamm,411_5726
hamm,427_5721
hamm,423_5730
hamm,418_5727
hamm,422_5717
hamm,418_5723
hamm,421_5730
hamm,425_5721
hamm,413_5726
hamm,413_5722
hamm,425_5725
hamm,420_5717
hamm,421_5717
hamm,412_5726
hamm,424_5721
hamm,420_5730
hamm,424_5725
hamm,412_5722
hamm,417_5718
hamm,421_5729
hamm,424_5717
hamm,421_5725
hamm,417_5722
hamm,417_5726
hamm,421_5721
hamm,416_5722
hamm,420_5725
hamm,420_5721
hamm,416_5726
hamm,420_5729
hamm,429_5724
hamm,414_5726
hamm,422_5721
hamm,418_5715
hamm,422_5725
hamm,411_5718
hamm,414_5722
hamm,419_5732
hamm,418_5719
hamm,422_5729
hamm,419_5719
hamm,418_5732
hamm,423_5729
hamm,409_5721
hamm,419_5715
hamm,423_5721
hamm,415_5726
hamm,415_5722
hamm,410_5718
hamm,423_5725
hamm,421_5724
hamm,413_5732
hamm,417_5723
hamm,417_5727
hamm,421_5720
hamm,421_5728
hamm,424_5716
hamm,428_5725
hamm,420_5728
hamm,429_5725
hamm,416_5723
hamm,412_5732
hamm,413_5719
hamm,420_5724
hamm,420_5720
hamm,416_5727
hamm,418_5718
hamm,419_5733
hamm,408_5724
hamm,422_5728
hamm,414_5727
hamm,418_5714
hamm,422_5720
hamm,422_5724
hamm,411_5719
hamm,414_5723
hamm,423_5720
hamm,419_5714
hamm,415_5727
hamm,415_5723
hamm,410_5719
hamm,423_5724
hamm,409_5724
hamm,418_5733
hamm,419_5718
hamm,423_5728
hamm,409_5720
hamm,415_5719
hamm,414_5732
hamm,410_5723
hamm,426_5724
hamm,422_5731
hamm,426_5720
hamm,410_5727
hamm,426_5728
hamm,419_5726
hamm,423_5716
hamm,419_5722
hamm,418_5726
hamm,427_5728
hamm,418_5722
hamm,422_5716
hamm,427_5724
hamm,411_5723
hamm,414_5719
hamm,411_5727
hamm,420_5716
hamm,425_5728
hamm,421_5731
hamm,425_5720
hamm,430_5726
hamm,413_5727
hamm,417_5732
hamm,416_5719
hamm,413_5723
hamm,425_5724
hamm,412_5727
hamm,424_5720
hamm,420_5731
hamm,424_5724
hamm,412_5723
hamm,417_5719
hamm,421_5716
hamm,424_5728
hamm,416_5729
hamm,429_5727
hamm,412_5730
hamm,416_5721
hamm,420_5726
hamm,420_5722
hamm,416_5725
hamm,421_5726
hamm,417_5721
hamm,413_5730
hamm,417_5725
hamm,421_5722
hamm,424_5718
hamm,428_5727
hamm,417_5729
hamm,419_5716
hamm,423_5722
hamm,415_5725
hamm,411_5730
hamm,415_5721
hamm,423_5726
hamm,415_5729
hamm,418_5731
hamm,409_5722
hamm,419_5731
hamm,414_5729
hamm,408_5722
hamm,414_5725
hamm,422_5722
hamm,418_5716
hamm,422_5726
hamm,414_5721
hamm,410_5730
hamm,418_5724
hamm,418_5720
hamm,411_5729
hamm,418_5728
hamm,427_5726
hamm,415_5730
hamm,411_5721
hamm,411_5725
hamm,422_5718
hamm,427_5722
hamm,410_5721
hamm,414_5730
hamm,426_5726
hamm,419_5728
hamm,426_5722
hamm,423_5718
hamm,410_5725
hamm,419_5724
hamm,409_5718
hamm,410_5729
hamm,419_5720
hamm,412_5725
hamm,421_5718
hamm,424_5722
hamm,424_5726
hamm,416_5730
hamm,412_5721
hamm,412_5729
hamm,417_5717
hamm,413_5729
hamm,425_5722
hamm,420_5718
hamm,413_5725
hamm,413_5721
hamm,417_5730
hamm,425_5726
hamm,418_5729
hamm,427_5727
hamm,415_5731
hamm,411_5720
hamm,411_5724
hamm,422_5719
hamm,427_5723
hamm,418_5725
hamm,418_5721
hamm,411_5728
hamm,419_5725
hamm,409_5719
hamm,410_5728
hamm,419_5721
hamm,410_5720
hamm,414_5731
hamm,426_5727
hamm,419_5729
hamm,426_5723
hamm,423_5719
hamm,410_5724
hamm,412_5728
hamm,417_5716
hamm,412_5724
hamm,421_5719
hamm,424_5723
hamm,424_5727
hamm,416_5731
hamm,412_5720
hamm,425_5723
hamm,420_5719
hamm,413_5724
hamm,430_5725
hamm,413_5720
hamm,417_5731
hamm,425_5727
hamm,413_5728
hamm,420_5715
hamm,412_5731
hamm,416_5720
hamm,420_5727
hamm,425_5719
hamm,420_5723
hamm,416_5724
hamm,416_5728
hamm,429_5726
hamm,428_5726
hamm,417_5728
hamm,421_5727
hamm,417_5720
hamm,413_5731
hamm,417_5724
hamm,421_5723
hamm,424_5719
hamm,415_5728
hamm,418_5730
hamm,409_5723
hamm,423_5723
hamm,419_5717
hamm,415_5724
hamm,411_5731
hamm,415_5720
hamm,423_5727
hamm,414_5724
hamm,418_5717
hamm,422_5723
hamm,422_5727
hamm,414_5720
hamm,419_5730
hamm,414_5728
hamm,408_5723
heinsberg,294_5661
heinsberg,294_5665
heinsberg,298_5656
heinsberg,295_5661
heinsberg,299_5656
heinsberg,295_5665
heinsberg,301_5660
heinsberg,297_5661
heinsberg,304_5656
heinsberg,292_5657
heinsberg,293_5657
heinsberg,300_5660
heinsberg,296_5665
heinsberg,296_5661
heinsberg,296_5657
heinsberg,296_5653
heinsberg,300_5656
heinsberg,293_5661
heinsberg,293_5665
heinsberg,297_5657
heinsberg,301_5656
heinsberg,297_5653
heinsberg,295_5653
heinsberg,303_5656
heinsberg,299_5660
heinsberg,295_5657
heinsberg,298_5660
heinsberg,302_5656
heinsberg,294_5653
heinsberg,294_5657
heinsberg,298_5664
heinsberg,293_5660
heinsberg,293_5664
heinsberg,296_5656
heinsberg,300_5657
heinsberg,297_5656
heinsberg,301_5657
heinsberg,303_5657
heinsberg,299_5661
heinsberg,295_5656
heinsberg,298_5661
heinsberg,302_5657
heinsberg,294_5656
heinsberg,294_5660
heinsberg,294_5664
heinsberg,298_5657
heinsberg,295_5660
heinsberg,299_5653
heinsberg,299_5657
heinsberg,295_5664
heinsberg,297_5664
heinsberg,297_5660
heinsberg,300_5661
heinsberg,296_5664
heinsberg,296_5660
heinsberg,293_5656
heinsberg,297_5654
heinsberg,301_5655
heinsberg,297_5658
heinsberg,292_5662
heinsberg,301_5659
heinsberg,293_5662
heinsberg,296_5658
heinsberg,300_5659
heinsberg,293_5666
heinsberg,296_5654
heinsberg,300_5655
heinsberg,302_5659
heinsberg,294_5658
heinsberg,302_5655
heinsberg,298_5663
heinsberg,294_5654
heinsberg,299_5663
heinsberg,303_5655
heinsberg,295_5654
heinsberg,295_5658
heinsberg,299_5659
heinsberg,295_5662
heinsberg,299_5655
heinsberg,295_5666
heinsberg,294_5662
heinsberg,294_5666
heinsberg,298_5655
heinsberg,298_5659
heinsberg,300_5663
heinsberg,296_5666
heinsberg,293_5658
heinsberg,296_5662
heinsberg,304_5655
heinsberg,297_5662
heinsberg,292_5658
heinsberg,295_5663
heinsberg,299_5654
heinsberg,295_5667
heinsberg,299_5658
heinsberg,298_5658
heinsberg,294_5663
heinsberg,294_5667
heinsberg,298_5654
heinsberg,293_5655
heinsberg,300_5662
heinsberg,296_5667
heinsberg,293_5659
heinsberg,296_5663
heinsberg,297_5663
heinsberg,292_5659
heinsberg,297_5659
heinsberg,292_5667
heinsberg,301_5658
heinsberg,297_5655
heinsberg,301_5654
heinsberg,296_5655
heinsberg,300_5654
heinsberg,293_5663
heinsberg,296_5659
heinsberg,300_5658
heinsberg,293_5667
heinsberg,302_5654
heinsberg,298_5662
heinsberg,294_5655
heinsberg,302_5658
heinsberg,294_5659
heinsberg,295_5659
heinsberg,299_5662
heinsberg,303_5654
heinsberg,295_5655
herford,483_5776
herford,476_5776
herford,476_5772
herford,477_5776
herford,477_5772
herford,482_5776
herford,475_5772
herford,475_5776
herford,480_5776
herford,480_5772
herford,481_5776
herford,481_5772
herford,474_5772
herford,474_5776
herford,478_5773
herford,478_5777
herford,475_5767
herford,471_5772
herford,474_5767
herford,470_5772
herford,479_5773
herford,479_5777
herford,472_5772
herford,476_5767
herford,473_5772
herford,473_5776
herford,471_5773
herford,478_5772
herford,478_5776
herford,479_5772
herford,479_5776
herford,470_5773
herford,472_5773
herford,473_5773
herford,476_5773
herford,483_5777
herford,482_5777
herford,477_5777
herford,477_5773
herford,480_5777
herford,480_5773
herford,475_5773
herford,474_5773
herford,481_5777
herford,481_5773
herford,474_5768
herford,479_5774
herford,470_5771
herford,479_5778
herford,478_5778
herford,471_5771
herford,478_5770
herford,475_5768
herford,478_5774
herford,473_5771
herford,473_5775
herford,476_5768
herford,472_5771
herford,477_5779
herford,473_5768
herford,482_5775
herford,477_5775
herford,477_5771
herford,476_5775
herford,476_5771
herford,474_5771
herford,481_5779
herford,474_5775
herford,481_5775
herford,481_5771
herford,480_5775
herford,480_5771
herford,480_5779
herford,475_5771
herford,475_5775
herford,477_5774
herford,477_5770
herford,482_5778
herford,477_5778
herford,473_5769
herford,482_5774
herford,476_5774
herford,476_5770
herford,481_5774
herford,470_5769
herford,481_5778
herford,474_5770
herford,474_5774
herford,475_5770
herford,480_5778
herford,475_5774
herford,469_5773
herford,480_5774
herford,471_5769
herford,470_5770
herford,479_5779
herford,474_5769
herford,479_5771
herford,479_5775
herford,478_5771
herford,475_5769
herford,478_5775
herford,471_5774
herford,478_5779
herford,471_5770
herford,477_5769
herford,473_5770
herford,473_5774
herford,472_5770
herford,472_5774
herford,476_5769
herne,372_5709
herne,376_5714
herne,376_5710
herne,377_5714
herne,377_5710
herne,373_5709
herne,375_5710
herne,371_5709
herne,380_5710
herne,381_5710
herne,370_5709
herne,374_5710
herne,375_5709
herne,378_5711
herne,378_5715
herne,371_5710
herne,380_5709
herne,381_5709
herne,370_5710
herne,379_5711
herne,374_5709
herne,372_5710
herne,376_5709
herne,377_5709
herne,373_5710
herne,371_5711
herne,375_5708
herne,378_5710
herne,378_5714
herne,379_5710
herne,374_5708
herne,379_5714
herne,370_5711
herne,376_5708
herne,372_5711
herne,373_5711
herne,377_5708
herne,376_5711
herne,372_5708
herne,373_5708
herne,377_5711
herne,369_5712
herne,371_5708
herne,380_5711
herne,378_5709
herne,375_5711
herne,374_5711
herne,379_5709
herne,381_5711
herne,370_5708
herne,379_5712
herne,378_5712
herne,377_5713
herne,376_5713
herne,374_5713
herne,380_5713
herne,375_5713
herne,373_5707
herne,377_5712
herne,372_5707
herne,376_5712
herne,381_5712
herne,374_5712
herne,370_5707
herne,375_5712
herne,371_5707
herne,380_5712
herne,374_5707
herne,370_5712
herne,379_5713
herne,378_5713
herne,371_5712
herne,373_5712
herne,372_5712
hoexter,526_5741
hoexter,529_5734
hoexter,520_5739
hoexter,526_5745
hoexter,529_5738
hoexter,520_5731
hoexter,520_5735
hoexter,521_5731
hoexter,517_5736
hoexter,528_5738
hoexter,521_5735
hoexter,528_5734
hoexter,527_5741
hoexter,521_5739
hoexter,527_5745
hoexter,523_5735
hoexter,523_5731
hoexter,530_5743
hoexter,518_5726
hoexter,523_5739
hoexter,525_5745
hoexter,525_5741
hoexter,522_5739
hoexter,524_5745
hoexter,519_5726
hoexter,531_5743
hoexter,524_5741
hoexter,522_5735
hoexter,522_5731
hoexter,521_5741
hoexter,518_5733
hoexter,527_5739
hoexter,518_5737
hoexter,528_5744
hoexter,528_5740
hoexter,527_5735
hoexter,529_5744
hoexter,526_5731
hoexter,526_5735
hoexter,529_5740
hoexter,519_5733
hoexter,520_5741
hoexter,519_5737
hoexter,522_5728
hoexter,526_5739
hoexter,524_5735
hoexter,524_5731
hoexter,531_5737
hoexter,524_5739
hoexter,520_5728
hoexter,522_5741
hoexter,521_5728
hoexter,523_5745
hoexter,525_5739
hoexter,523_5741
hoexter,525_5735
hoexter,530_5737
hoexter,517_5727
hoexter,525_5731
hoexter,528_5745
hoexter,528_5741
hoexter,527_5734
hoexter,521_5740
hoexter,527_5738
hoexter,521_5744
hoexter,518_5736
hoexter,519_5732
hoexter,520_5740
hoexter,522_5729
hoexter,519_5736
hoexter,526_5738
hoexter,520_5744
hoexter,529_5745
hoexter,526_5734
hoexter,529_5741
hoexter,524_5738
hoexter,522_5744
hoexter,520_5729
hoexter,522_5740
hoexter,524_5734
hoexter,524_5730
hoexter,531_5736
hoexter,525_5734
hoexter,530_5736
hoexter,517_5726
hoexter,525_5730
hoexter,521_5729
hoexter,525_5738
hoexter,523_5744
hoexter,523_5740
hoexter,529_5739
hoexter,519_5742
hoexter,520_5730
hoexter,520_5734
hoexter,526_5740
hoexter,529_5735
hoexter,526_5744
hoexter,520_5738
hoexter,528_5735
hoexter,527_5740
hoexter,527_5744
hoexter,521_5738
hoexter,521_5730
hoexter,528_5739
hoexter,521_5734
hoexter,530_5742
hoexter,525_5744
hoexter,523_5738
hoexter,518_5727
hoexter,525_5740
hoexter,523_5734
hoexter,523_5730
hoexter,522_5734
hoexter,519_5727
hoexter,524_5744
hoexter,522_5738
hoexter,531_5742
hoexter,524_5740
hoexter,520_5742
hoexter,519_5730
hoexter,519_5734
hoexter,526_5732
hoexter,522_5727
hoexter,519_5738
hoexter,526_5736
hoexter,529_5743
hoexter,528_5743
hoexter,527_5736
hoexter,518_5738
hoexter,518_5730
hoexter,521_5742
hoexter,518_5734
hoexter,521_5727
hoexter,525_5736
hoexter,517_5724
hoexter,525_5732
hoexter,523_5742
hoexter,530_5738
hoexter,517_5728
hoexter,531_5738
hoexter,522_5742
hoexter,524_5736
hoexter,520_5727
hoexter,524_5732
hoexter,528_5737
hoexter,527_5742
hoexter,521_5732
hoexter,517_5735
hoexter,521_5736
hoexter,520_5732
hoexter,519_5740
hoexter,520_5736
hoexter,526_5742
hoexter,529_5737
hoexter,519_5729
hoexter,522_5736
hoexter,522_5732
hoexter,524_5746
hoexter,519_5725
hoexter,531_5740
hoexter,531_5744
hoexter,524_5742
hoexter,530_5740
hoexter,518_5725
hoexter,525_5746
hoexter,525_5742
hoexter,530_5744
hoexter,523_5736
hoexter,518_5729
hoexter,523_5732
hoexter,521_5733
hoexter,517_5734
hoexter,521_5737
hoexter,528_5736
hoexter,527_5743
hoexter,526_5743
hoexter,529_5736
hoexter,520_5733
hoexter,519_5741
hoexter,520_5737
hoexter,531_5741
hoexter,531_5745
hoexter,524_5743
hoexter,522_5737
hoexter,519_5728
hoexter,522_5733
hoexter,518_5728
hoexter,523_5737
hoexter,523_5733
hoexter,530_5741
hoexter,525_5747
hoexter,518_5724
hoexter,525_5743
hoexter,530_5745
hoexter,526_5733
hoexter,519_5739
hoexter,526_5737
hoexter,529_5742
hoexter,520_5743
hoexter,519_5731
hoexter,519_5735
hoexter,521_5743
hoexter,518_5735
hoexter,527_5733
hoexter,528_5742
hoexter,527_5737
hoexter,518_5739
hoexter,523_5743
hoexter,530_5739
hoexter,517_5729
hoexter,525_5737
hoexter,517_5725
hoexter,525_5733
hoexter,524_5737
hoexter,520_5726
hoexter,524_5733
hoexter,531_5739
hoexter,522_5743
kleve,302_5748
kleve,302_5740
kleve,304_5738
kleve,302_5744
kleve,303_5740
kleve,303_5744
kleve,298_5751
kleve,303_5748
kleve,301_5744
kleve,301_5740
kleve,297_5745
kleve,301_5748
kleve,298_5738
kleve,297_5749
kleve,308_5745
kleve,309_5741
kleve,299_5738
kleve,300_5748
kleve,309_5745
kleve,296_5749
kleve,300_5744
kleve,296_5745
kleve,300_5740
kleve,305_5740
kleve,305_5744
kleve,303_5738
kleve,310_5742
kleve,297_5750
kleve,304_5740
kleve,296_5750
kleve,304_5744
kleve,306_5744
kleve,300_5738
kleve,299_5748
kleve,296_5739
kleve,299_5744
kleve,299_5740
kleve,298_5744
kleve,297_5735
kleve,298_5740
kleve,298_5748
kleve,307_5744
kleve,301_5738
kleve,297_5739
kleve,305_5741
kleve,303_5739
kleve,305_5745
kleve,297_5751
kleve,304_5741
kleve,296_5751
kleve,302_5739
kleve,304_5745
kleve,299_5745
kleve,299_5741
kleve,299_5749
kleve,300_5739
kleve,306_5745
kleve,296_5738
kleve,306_5741
kleve,301_5739
kleve,307_5745
kleve,298_5749
kleve,307_5741
kleve,297_5738
kleve,298_5745
kleve,298_5741
kleve,302_5741
kleve,302_5745
kleve,304_5739
kleve,299_5750
kleve,298_5750
kleve,303_5741
kleve,303_5745
kleve,298_5739
kleve,301_5749
kleve,308_5744
kleve,297_5748
kleve,297_5740
kleve,298_5735
kleve,301_5745
kleve,301_5741
kleve,300_5745
kleve,299_5735
kleve,300_5741
kleve,300_5749
kleve,299_5739
kleve,296_5748
kleve,309_5744
kleve,304_5743
kleve,304_5747
kleve,305_5743
kleve,305_5747
kleve,310_5741
kleve,307_5743
kleve,298_5747
kleve,301_5737
kleve,297_5736
kleve,298_5743
kleve,300_5737
kleve,299_5747
kleve,299_5743
kleve,296_5736
kleve,306_5743
kleve,303_5743
kleve,303_5747
kleve,302_5743
kleve,302_5747
kleve,299_5737
kleve,300_5747
kleve,296_5746
kleve,300_5743
kleve,309_5742
kleve,301_5747
kleve,298_5737
kleve,301_5743
kleve,297_5746
kleve,295_5747
kleve,303_5742
kleve,303_5746
kleve,302_5742
kleve,302_5746
kleve,309_5743
kleve,300_5746
kleve,299_5736
kleve,296_5747
kleve,300_5742
kleve,298_5736
kleve,301_5746
kleve,301_5742
kleve,297_5747
kleve,308_5743
kleve,304_5742
kleve,304_5746
kleve,305_5742
kleve,305_5746
kleve,301_5736
kleve,298_5746
kleve,297_5737
kleve,298_5742
kleve,307_5742
kleve,306_5746
kleve,306_5742
kleve,299_5746
kleve,300_5736
kleve,299_5742
kleve,296_5737
koeln,369_5644
koeln,369_5640
koeln,360_5649
koeln,366_5635
koeln,347_5659
koeln,352_5657
koeln,356_5646
koeln,359_5633
koeln,364_5650
koeln,360_5641
koeln,347_5655
koeln,359_5637
koeln,366_5639
koeln,360_5645
koeln,352_5653
koeln,356_5642
koeln,361_5641
koeln,365_5650
koeln,358_5633
koeln,357_5646
koeln,353_5657
koeln,357_5642
koeln,353_5653
koeln,367_5639
koeln,361_5645
koeln,358_5637
koeln,368_5644
koeln,361_5649
koeln,367_5635
koeln,368_5640
koeln,365_5639
koeln,363_5645
koeln,351_5653
koeln,355_5642
koeln,349_5649
koeln,351_5657
koeln,355_5646
koeln,363_5641
koeln,349_5641
koeln,363_5649
koeln,365_5635
koeln,344_5659
koeln,358_5652
koeln,370_5637
koeln,353_5636
koeln,349_5645
koeln,345_5659
koeln,362_5649
koeln,364_5635
koeln,348_5641
koeln,348_5645
koeln,359_5652
koeln,354_5642
koeln,350_5653
koeln,364_5639
koeln,362_5645
koeln,362_5641
koeln,366_5650
koeln,354_5646
koeln,348_5649
koeln,350_5657
koeln,357_5636
koeln,349_5654
koeln,368_5638
koeln,358_5643
koeln,361_5635
koeln,358_5647
koeln,349_5650
koeln,363_5650
koeln,367_5641
koeln,368_5634
koeln,355_5657
koeln,349_5658
koeln,351_5646
koeln,355_5653
koeln,351_5642
koeln,367_5645
koeln,361_5639
koeln,348_5658
koeln,350_5646
koeln,354_5657
koeln,366_5641
koeln,362_5650
koeln,366_5645
koeln,360_5639
koeln,362_5654
koeln,350_5642
koeln,354_5653
koeln,359_5643
koeln,369_5638
koeln,356_5636
koeln,348_5654
koeln,348_5650
koeln,359_5647
koeln,360_5635
koeln,366_5649
koeln,356_5653
koeln,352_5642
koeln,360_5654
koeln,347_5644
koeln,364_5645
koeln,362_5639
koeln,360_5650
koeln,364_5641
koeln,352_5646
koeln,362_5635
koeln,364_5649
koeln,347_5648
koeln,343_5659
koeln,354_5636
koeln,363_5635
koeln,365_5649
koeln,346_5648
koeln,355_5636
koeln,346_5644
koeln,365_5645
koeln,363_5639
koeln,353_5642
koeln,357_5653
koeln,353_5646
koeln,365_5641
koeln,361_5650
koeln,363_5651
koeln,367_5640
koeln,355_5656
koeln,368_5635
koeln,351_5647
koeln,349_5659
koeln,355_5652
koeln,351_5643
koeln,361_5638
koeln,367_5644
koeln,350_5660
koeln,349_5655
koeln,357_5637
koeln,368_5639
koeln,358_5642
koeln,361_5634
koeln,358_5646
koeln,349_5651
koeln,359_5642
koeln,369_5639
koeln,348_5655
koeln,356_5637
koeln,356_5633
koeln,348_5651
koeln,359_5646
koeln,366_5648
koeln,360_5634
koeln,350_5647
koeln,348_5659
koeln,369_5635
koeln,354_5656
koeln,366_5640
koeln,362_5651
koeln,345_5645
koeln,360_5638
koeln,366_5644
koeln,350_5643
koeln,354_5652
koeln,347_5649
koeln,364_5648
koeln,362_5634
koeln,343_5658
koeln,354_5633
koeln,354_5637
koeln,356_5652
koeln,352_5643
koeln,362_5638
koeln,364_5644
koeln,347_5645
koeln,360_5651
koeln,364_5640
koeln,356_5656
koeln,352_5647
koeln,363_5638
koeln,365_5644
koeln,346_5645
koeln,353_5643
koeln,357_5652
koeln,353_5647
koeln,365_5640
koeln,361_5651
koeln,355_5633
koeln,365_5648
koeln,363_5634
koeln,355_5637
koeln,352_5656
koeln,356_5647
koeln,364_5651
koeln,360_5640
koeln,359_5636
koeln,360_5644
koeln,366_5638
koeln,352_5652
koeln,356_5643
koeln,369_5645
koeln,369_5641
koeln,366_5634
koeln,360_5648
koeln,347_5658
koeln,368_5645
koeln,346_5658
koeln,367_5634
koeln,361_5648
koeln,368_5641
koeln,361_5640
koeln,365_5651
koeln,357_5647
koeln,353_5656
koeln,357_5643
koeln,353_5652
koeln,361_5644
koeln,367_5638
koeln,358_5636
koeln,365_5634
koeln,363_5648
koeln,344_5658
koeln,358_5653
koeln,353_5637
koeln,370_5636
koeln,349_5644
koeln,363_5644
koeln,365_5638
koeln,351_5652
koeln,355_5643
koeln,351_5656
koeln,349_5648
koeln,355_5647
koeln,363_5640
koeln,354_5643
koeln,350_5652
koeln,362_5644
koeln,364_5638
koeln,362_5640
koeln,354_5647
koeln,350_5656
koeln,348_5648
koeln,345_5658
koeln,364_5634
koeln,362_5648
koeln,348_5644
koeln,359_5653
koeln,359_5640
koeln,348_5657
koeln,356_5635
koeln,350_5649
koeln,354_5658
koeln,348_5653
koeln,360_5636
koeln,359_5644
koeln,354_5654
koeln,369_5637
koeln,350_5645
koeln,356_5639
koeln,362_5653
koeln,366_5642
koeln,359_5648
koeln,366_5646
koeln,354_5650
koeln,350_5641
koeln,367_5642
koeln,363_5653
koeln,351_5645
koeln,357_5639
koeln,368_5637
koeln,355_5654
koeln,351_5641
koeln,355_5650
koeln,358_5648
koeln,349_5657
koeln,357_5635
koeln,351_5649
koeln,358_5640
koeln,358_5644
koeln,361_5636
koeln,349_5653
koeln,365_5646
koeln,346_5647
koeln,357_5650
koeln,353_5641
koeln,357_5654
koeln,353_5645
koeln,355_5639
koeln,361_5653
koeln,365_5642
koeln,363_5636
koeln,347_5660
koeln,363_5632
koeln,355_5635
koeln,353_5649
koeln,362_5636
koeln,354_5635
koeln,352_5649
koeln,352_5641
koeln,356_5650
koeln,364_5646
koeln,347_5647
koeln,347_5643
koeln,364_5642
koeln,360_5653
koeln,352_5645
koeln,354_5639
koeln,356_5654
koeln,357_5649
koeln,353_5658
koeln,367_5636
koeln,358_5638
koeln,368_5643
koeln,361_5642
koeln,353_5654
koeln,357_5645
koeln,353_5650
koeln,357_5641
koeln,358_5634
koeln,346_5656
koeln,361_5646
koeln,356_5645
koeln,352_5654
koeln,360_5642
koeln,364_5653
koeln,360_5646
koeln,359_5634
koeln,347_5656
koeln,356_5641
koeln,352_5650
koeln,352_5658
koeln,356_5649
koeln,369_5643
koeln,359_5638
koeln,366_5636
koeln,350_5650
koeln,354_5641
koeln,345_5656
koeln,362_5646
koeln,362_5642
koeln,349_5661
koeln,350_5654
koeln,354_5645
koeln,364_5636
koeln,348_5642
koeln,354_5649
koeln,348_5646
koeln,350_5658
koeln,359_5651
koeln,364_5632
koeln,349_5642
koeln,365_5636
koeln,365_5632
koeln,358_5651
koeln,349_5646
koeln,351_5658
koeln,355_5649
koeln,353_5635
koeln,363_5646
koeln,355_5641
koeln,351_5650
koeln,353_5639
koeln,355_5645
koeln,351_5654
koeln,348_5661
koeln,363_5642
koeln,361_5643
koeln,353_5655
koeln,357_5644
koeln,353_5651
koeln,357_5640
koeln,346_5657
koeln,358_5635
koeln,361_5647
koeln,357_5648
koeln,367_5633
koeln,367_5637
koeln,358_5639
koeln,368_5642
koeln,366_5633
koeln,352_5659
koeln,356_5648
koeln,369_5642
koeln,359_5639
koeln,366_5637
koeln,356_5644
koeln,352_5655
koeln,360_5643
koeln,364_5652
koeln,360_5647
koeln,347_5657
koeln,359_5635
koeln,356_5640
koeln,352_5651
koeln,364_5637
koeln,348_5643
koeln,354_5648
koeln,350_5659
koeln,348_5647
koeln,364_5633
koeln,359_5650
koeln,350_5651
koeln,354_5640
koeln,345_5657
koeln,362_5647
koeln,362_5643
koeln,350_5655
koeln,349_5660
koeln,354_5644
koeln,363_5647
koeln,344_5657
koeln,355_5640
koeln,351_5651
koeln,355_5644
koeln,353_5638
koeln,348_5660
koeln,351_5655
koeln,363_5643
koeln,349_5643
koeln,365_5637
koeln,358_5650
koeln,365_5633
koeln,351_5659
koeln,349_5647
koeln,353_5634
koeln,355_5648
koeln,369_5636
koeln,354_5655
koeln,356_5638
koeln,350_5644
koeln,362_5652
koeln,366_5643
koeln,359_5649
koeln,366_5647
koeln,354_5651
koeln,360_5633
koeln,359_5641
koeln,350_5648
koeln,356_5634
koeln,348_5656
koeln,348_5652
koeln,360_5637
koeln,359_5645
koeln,351_5648
koeln,357_5634
koeln,349_5656
koeln,358_5641
koeln,358_5645
koeln,361_5637
koeln,349_5652
koeln,367_5643
koeln,363_5652
koeln,357_5638
koeln,351_5644
koeln,355_5655
koeln,368_5636
koeln,355_5651
koeln,358_5649
koeln,363_5637
koeln,363_5633
koeln,353_5648
koeln,355_5634
koeln,346_5646
koeln,365_5647
koeln,357_5651
koeln,353_5640
koeln,357_5655
koeln,355_5638
koeln,353_5644
koeln,361_5652
koeln,365_5643
koeln,352_5640
koeln,356_5651
koeln,347_5646
koeln,364_5647
koeln,364_5643
koeln,360_5652
koeln,354_5638
koeln,352_5644
koeln,356_5655
koeln,362_5637
koeln,352_5648
koeln,354_5634
krefeld,332_5688
krefeld,336_5695
krefeld,332_5684
krefeld,336_5691
krefeld,327_5686
krefeld,333_5684
krefeld,337_5695
krefeld,326_5686
krefeld,337_5691
krefeld,333_5688
krefeld,335_5691
krefeld,338_5689
krefeld,324_5686
krefeld,335_5695
krefeld,331_5684
krefeld,329_5692
krefeld,329_5696
krefeld,331_5688
krefeld,328_5692
krefeld,340_5689
krefeld,328_5696
krefeld,330_5688
krefeld,325_5686
krefeld,339_5689
krefeld,334_5691
krefeld,330_5684
krefeld,334_5695
krefeld,338_5690
krefeld,335_5688
krefeld,329_5687
krefeld,338_5694
krefeld,331_5695
krefeld,324_5697
krefeld,331_5691
krefeld,325_5693
krefeld,334_5684
krefeld,330_5695
krefeld,330_5691
krefeld,325_5697
krefeld,328_5687
krefeld,334_5688
krefeld,339_5690
krefeld,327_5697
krefeld,332_5691
krefeld,332_5695
krefeld,327_5693
krefeld,336_5688
krefeld,337_5688
krefeld,333_5691
krefeld,326_5697
krefeld,326_5693
krefeld,333_5695
krefeld,331_5694
krefeld,324_5692
krefeld,324_5696
krefeld,331_5690
krefeld,335_5689
krefeld,329_5686
krefeld,338_5695
krefeld,328_5686
krefeld,334_5689
krefeld,325_5692
krefeld,334_5685
krefeld,330_5694
krefeld,330_5690
krefeld,325_5696
krefeld,336_5689
krefeld,327_5696
krefeld,332_5690
krefeld,332_5694
krefeld,327_5692
krefeld,333_5690
krefeld,326_5696
krefeld,326_5692
krefeld,333_5694
krefeld,337_5689
krefeld,336_5694
krefeld,332_5685
krefeld,336_5690
krefeld,327_5687
krefeld,332_5689
krefeld,333_5689
krefeld,333_5685
krefeld,337_5694
krefeld,326_5687
krefeld,337_5690
krefeld,329_5693
krefeld,331_5689
krefeld,329_5697
krefeld,335_5690
krefeld,338_5688
krefeld,335_5694
krefeld,331_5685
krefeld,339_5688
krefeld,334_5690
krefeld,330_5685
krefeld,334_5694
krefeld,328_5693
krefeld,330_5689
krefeld,328_5697
krefeld,328_5684
krefeld,325_5690
krefeld,328_5688
krefeld,330_5696
krefeld,334_5687
krefeld,330_5692
krefeld,325_5694
krefeld,335_5687
krefeld,329_5688
krefeld,331_5696
krefeld,324_5694
krefeld,331_5692
krefeld,338_5693
krefeld,329_5684
krefeld,333_5692
krefeld,326_5694
krefeld,326_5690
krefeld,333_5696
krefeld,337_5687
krefeld,327_5694
krefeld,332_5692
krefeld,336_5687
krefeld,332_5696
krefeld,327_5690
krefeld,326_5689
krefeld,333_5687
krefeld,326_5685
krefeld,337_5692
krefeld,332_5687
krefeld,336_5692
krefeld,327_5685
krefeld,327_5689
krefeld,325_5685
krefeld,334_5692
krefeld,334_5696
krefeld,330_5687
krefeld,328_5691
krefeld,328_5695
krefeld,329_5691
krefeld,329_5695
krefeld,335_5692
krefeld,331_5687
krefeld,335_5696
krefeld,333_5686
krefeld,326_5684
krefeld,337_5693
krefeld,326_5688
krefeld,327_5688
krefeld,332_5686
krefeld,336_5693
krefeld,327_5684
krefeld,328_5690
krefeld,328_5694
krefeld,334_5693
krefeld,330_5686
krefeld,335_5693
krefeld,331_5686
krefeld,329_5690
krefeld,329_5694
krefeld,325_5691
krefeld,328_5689
krefeld,334_5686
krefeld,330_5693
krefeld,325_5695
krefeld,328_5685
krefeld,329_5685
krefeld,335_5686
krefeld,329_5689
krefeld,324_5691
krefeld,324_5695
krefeld,331_5693
krefeld,333_5693
krefeld,326_5695
krefeld,326_5691
krefeld,327_5695
krefeld,332_5693
krefeld,336_5686
krefeld,327_5691
leverkusen,365_5659
leverkusen,365_5655
leverkusen,364_5655
leverkusen,364_5659
leverkusen,366_5655
leverkusen,355_5660
leverkusen,359_5653
leverkusen,359_5657
leverkusen,366_5659
leverkusen,358_5653
leverkusen,354_5660
leverkusen,367_5659
leverkusen,358_5657
leverkusen,362_5659
leverkusen,362_5655
leverkusen,359_5661
leverkusen,363_5655
leverkusen,355_5656
leverkusen,363_5659
leverkusen,357_5656
leverkusen,361_5655
leverkusen,361_5659
leverkusen,353_5660
leverkusen,360_5659
leverkusen,356_5656
leverkusen,360_5655
leverkusen,362_5654
leverkusen,354_5657
leverkusen,362_5658
leverkusen,363_5658
leverkusen,363_5654
leverkusen,359_5660
leverkusen,355_5657
leverkusen,364_5662
leverkusen,361_5658
leverkusen,357_5657
leverkusen,361_5654
leverkusen,357_5653
leverkusen,356_5657
leverkusen,360_5654
leverkusen,360_5658
leverkusen,365_5662
leverkusen,365_5654
leverkusen,365_5658
leverkusen,364_5658
leverkusen,364_5654
leverkusen,363_5662
leverkusen,359_5656
leverkusen,366_5658
leverkusen,366_5654
leverkusen,354_5661
leverkusen,367_5658
leverkusen,358_5656
leverkusen,362_5662
leverkusen,355_5659
leverkusen,363_5656
leverkusen,362_5656
leverkusen,354_5659
leverkusen,356_5655
leverkusen,360_5656
leverkusen,356_5659
leverkusen,357_5659
leverkusen,364_5660
leverkusen,357_5655
leverkusen,361_5656
leverkusen,361_5660
leverkusen,352_5659
leverkusen,364_5656
leverkusen,365_5656
leverkusen,360_5660
leverkusen,353_5659
leverkusen,358_5658
leverkusen,362_5660
leverkusen,358_5654
leverkusen,359_5654
leverkusen,363_5660
leverkusen,359_5658
leverkusen,366_5656
leverkusen,364_5657
leverkusen,364_5653
leverkusen,361_5661
leverkusen,352_5658
leverkusen,360_5661
leverkusen,353_5658
leverkusen,365_5657
leverkusen,358_5655
leverkusen,362_5661
leverkusen,367_5657
leverkusen,358_5659
leverkusen,359_5659
leverkusen,366_5657
leverkusen,363_5661
leverkusen,359_5655
leverkusen,363_5657
leverkusen,363_5653
leverkusen,355_5658
leverkusen,354_5658
leverkusen,362_5657
leverkusen,362_5653
leverkusen,356_5658
leverkusen,365_5661
leverkusen,360_5653
leverkusen,360_5657
leverkusen,357_5654
leverkusen,361_5653
leverkusen,361_5657
leverkusen,357_5658
leverkusen,364_5661
lippetal,443_5728
lippetal,433_5729
lippetal,443_5724
lippetal,433_5721
lippetal,433_5725
lippetal,432_5721
lippetal,427_5727
lippetal,442_5724
lippetal,442_5720
lippetal,432_5725
lippetal,442_5728
lippetal,432_5729
lippetal,430_5725
lippetal,440_5720
lippetal,440_5724
lippetal,439_5728
lippetal,439_5720
lippetal,430_5729
lippetal,439_5724
lippetal,440_5728
lippetal,431_5729
lippetal,438_5720
lippetal,441_5728
lippetal,438_5724
lippetal,441_5720
lippetal,431_5725
lippetal,438_5728
lippetal,441_5724
lippetal,434_5729
lippetal,434_5721
lippetal,430_5730
lippetal,444_5724
lippetal,434_5725
lippetal,435_5721
lippetal,435_5725
lippetal,435_5729
lippetal,429_5726
lippetal,437_5725
lippetal,437_5721
lippetal,436_5725
lippetal,432_5730
lippetal,436_5721
lippetal,434_5720
lippetal,444_5725
lippetal,434_5724
lippetal,428_5727
lippetal,434_5728
lippetal,439_5730
lippetal,438_5730
lippetal,435_5728
lippetal,429_5727
lippetal,435_5720
lippetal,435_5724
lippetal,437_5728
lippetal,437_5724
lippetal,437_5720
lippetal,436_5724
lippetal,436_5720
lippetal,436_5728
lippetal,443_5725
lippetal,433_5720
lippetal,433_5724
lippetal,443_5721
lippetal,433_5728
lippetal,432_5728
lippetal,442_5725
lippetal,442_5721
lippetal,432_5724
lippetal,439_5721
lippetal,430_5728
lippetal,439_5725
lippetal,440_5729
lippetal,440_5721
lippetal,440_5725
lippetal,439_5729
lippetal,441_5721
lippetal,431_5724
lippetal,438_5729
lippetal,441_5725
lippetal,431_5728
lippetal,438_5721
lippetal,441_5729
lippetal,438_5725
lippetal,439_5719
lippetal,429_5725
lippetal,445_5727
lippetal,435_5722
lippetal,435_5726
lippetal,429_5729
lippetal,440_5719
lippetal,434_5722
lippetal,444_5727
lippetal,441_5719
lippetal,444_5723
lippetal,428_5729
lippetal,434_5726
lippetal,438_5719
lippetal,436_5726
lippetal,436_5722
lippetal,437_5726
lippetal,437_5722
lippetal,427_5728
lippetal,432_5722
lippetal,442_5727
lippetal,442_5723
lippetal,432_5726
lippetal,443_5727
lippetal,433_5722
lippetal,433_5726
lippetal,443_5723
lippetal,441_5723
lippetal,431_5726
lippetal,431_5722
lippetal,441_5727
lippetal,438_5723
lippetal,438_5727
lippetal,429_5730
lippetal,439_5723
lippetal,428_5730
lippetal,439_5727
lippetal,430_5726
lippetal,440_5723
lippetal,440_5727
lippetal,432_5723
lippetal,437_5719
lippetal,442_5726
lippetal,442_5722
lippetal,432_5727
lippetal,427_5729
lippetal,443_5726
lippetal,436_5719
lippetal,433_5723
lippetal,433_5727
lippetal,443_5722
lippetal,438_5722
lippetal,438_5726
lippetal,441_5722
lippetal,431_5727
lippetal,431_5723
lippetal,441_5726
lippetal,430_5727
lippetal,440_5722
lippetal,440_5726
lippetal,439_5722
lippetal,439_5726
lippetal,445_5726
lippetal,435_5723
lippetal,435_5727
lippetal,429_5728
lippetal,440_5718
lippetal,439_5718
lippetal,434_5723
lippetal,444_5726
lippetal,441_5718
lippetal,428_5728
lippetal,434_5727
lippetal,436_5727
lippetal,436_5723
lippetal,437_5727
lippetal,437_5723
lippstadt,456_5729
lippstadt,456_5725
lippstadt,446_5719
lippstadt,443_5723
lippstadt,460_5726
lippstadt,452_5730
lippstadt,456_5721
lippstadt,457_5725
lippstadt,457_5721
lippstadt,453_5730
lippstadt,461_5726
lippstadt,457_5729
lippstadt,463_5726
lippstadt,455_5721
lippstadt,455_5725
lippstadt,445_5719
lippstadt,449_5722
lippstadt,455_5729
lippstadt,448_5722
lippstadt,454_5729
lippstadt,454_5721
lippstadt,462_5726
lippstadt,454_5725
lippstadt,458_5720
lippstadt,458_5724
lippstadt,444_5723
lippstadt,451_5725
lippstadt,455_5730
lippstadt,451_5721
lippstadt,458_5728
lippstadt,450_5725
lippstadt,445_5723
lippstadt,459_5728
lippstadt,450_5721
lippstadt,454_5730
lippstadt,459_5720
lippstadt,459_5724
lippstadt,456_5730
lippstadt,452_5721
lippstadt,464_5726
lippstadt,447_5723
lippstadt,452_5725
lippstadt,452_5729
lippstadt,453_5729
lippstadt,453_5721
lippstadt,453_5725
lippstadt,446_5723
lippstadt,444_5722
lippstadt,451_5724
lippstadt,458_5729
lippstadt,451_5728
lippstadt,458_5721
lippstadt,458_5725
lippstadt,459_5721
lippstadt,459_5725
lippstadt,450_5724
lippstadt,445_5722
lippstadt,459_5729
lippstadt,452_5728
lippstadt,464_5727
lippstadt,447_5722
lippstadt,452_5724
lippstadt,453_5724
lippstadt,446_5722
lippstadt,453_5728
lippstadt,456_5724
lippstadt,460_5723
lippstadt,443_5722
lippstadt,460_5727
lippstadt,456_5720
lippstadt,456_5728
lippstadt,457_5728
lippstadt,457_5724
lippstadt,457_5720
lippstadt,461_5727
lippstadt,449_5723
lippstadt,458_5730
lippstadt,455_5728
lippstadt,463_5727
lippstadt,455_5724
lippstadt,462_5727
lippstadt,454_5724
lippstadt,448_5723
lippstadt,454_5728
lippstadt,459_5723
lippstadt,459_5727
lippstadt,462_5730
lippstadt,445_5720
lippstadt,450_5722
lippstadt,463_5730
lippstadt,451_5726
lippstadt,451_5722
lippstadt,458_5723
lippstadt,458_5727
lippstadt,453_5722
lippstadt,453_5726
lippstadt,461_5730
lippstadt,446_5720
lippstadt,452_5722
lippstadt,447_5720
lippstadt,460_5730
lippstadt,452_5726
lippstadt,461_5729
lippstadt,457_5726
lippstadt,457_5722
lippstadt,461_5725
lippstadt,456_5726
lippstadt,460_5725
lippstadt,456_5722
lippstadt,460_5729
lippstadt,454_5722
lippstadt,454_5726
lippstadt,462_5729
lippstadt,448_5721
lippstadt,458_5719
lippstadt,449_5721
lippstadt,463_5729
lippstadt,463_5725
lippstadt,455_5722
lippstadt,455_5726
lippstadt,457_5727
lippstadt,457_5723
lippstadt,461_5724
lippstadt,461_5728
lippstadt,460_5728
lippstadt,456_5727
lippstadt,443_5721
lippstadt,460_5724
lippstadt,456_5723
lippstadt,462_5728
lippstadt,454_5723
lippstadt,454_5727
lippstadt,455_5723
lippstadt,455_5727
lippstadt,463_5728
lippstadt,449_5724
lippstadt,445_5721
lippstadt,450_5723
lippstadt,459_5722
lippstadt,459_5726
lippstadt,458_5722
lippstadt,458_5726
lippstadt,444_5721
lippstadt,451_5727
lippstadt,451_5723
lippstadt,453_5723
lippstadt,453_5727
lippstadt,446_5721
lippstadt,452_5723
lippstadt,457_5719
lippstadt,447_5721
lippstadt,452_5727
lippstadt,464_5728
moenchengladbach,320_5678
moenchengladbach,324_5669
moenchengladbach,320_5674
moenchengladbach,316_5673
moenchengladbach,316_5677
moenchengladbach,320_5670
moenchengladbach,317_5673
moenchengladbach,321_5674
moenchengladbach,321_5670
moenchengladbach,317_5677
moenchengladbach,325_5669
moenchengladbach,321_5678
moenchengladbach,323_5680
moenchengladbach,315_5677
moenchengladbach,323_5670
moenchengladbach,323_5674
moenchengladbach,315_5673
moenchengladbach,318_5663
moenchengladbach,318_5667
moenchengladbach,323_5678
moenchengladbach,327_5669
moenchengladbach,319_5663
moenchengladbach,326_5669
moenchengladbach,322_5678
moenchengladbach,319_5667
moenchengladbach,322_5670
moenchengladbach,314_5677
moenchengladbach,322_5680
moenchengladbach,314_5673
moenchengladbach,322_5674
moenchengladbach,323_5669
moenchengladbach,318_5676
moenchengladbach,318_5672
moenchengladbach,311_5673
moenchengladbach,323_5665
moenchengladbach,327_5670
moenchengladbach,315_5666
moenchengladbach,322_5665
moenchengladbach,310_5673
moenchengladbach,314_5666
moenchengladbach,326_5670
moenchengladbach,319_5676
moenchengladbach,322_5669
moenchengladbach,326_5678
moenchengladbach,319_5672
moenchengladbach,324_5670
moenchengladbach,316_5666
moenchengladbach,312_5673
moenchengladbach,320_5665
moenchengladbach,324_5674
moenchengladbach,324_5678
moenchengladbach,320_5669
moenchengladbach,321_5669
moenchengladbach,325_5678
moenchengladbach,313_5677
moenchengladbach,317_5666
moenchengladbach,325_5670
moenchengladbach,321_5665
moenchengladbach,313_5673
moenchengladbach,317_5662
moenchengladbach,315_5663
moenchengladbach,311_5672
moenchengladbach,327_5671
moenchengladbach,315_5667
moenchengladbach,318_5677
moenchengladbach,323_5668
moenchengladbach,318_5673
moenchengladbach,322_5668
moenchengladbach,319_5677
moenchengladbach,319_5673
moenchengladbach,310_5672
moenchengladbach,314_5667
moenchengladbach,326_5671
moenchengladbach,324_5679
moenchengladbach,320_5668
moenchengladbach,324_5671
moenchengladbach,316_5667
moenchengladbach,316_5663
moenchengladbach,312_5672
moenchengladbach,320_5664
moenchengladbach,324_5675
moenchengladbach,313_5676
moenchengladbach,317_5667
moenchengladbach,325_5671
moenchengladbach,321_5664
moenchengladbach,313_5672
moenchengladbach,317_5663
moenchengladbach,321_5668
moenchengladbach,325_5679
moenchengladbach,320_5675
moenchengladbach,316_5672
moenchengladbach,316_5676
moenchengladbach,320_5671
moenchengladbach,321_5679
moenchengladbach,317_5672
moenchengladbach,321_5675
moenchengladbach,321_5671
moenchengladbach,317_5676
moenchengladbach,313_5667
moenchengladbach,318_5662
moenchengladbach,323_5679
moenchengladbach,318_5666
moenchengladbach,327_5668
moenchengladbach,315_5676
moenchengladbach,323_5671
moenchengladbach,323_5675
moenchengladbach,315_5672
moenchengladbach,322_5671
moenchengladbach,314_5676
moenchengladbach,314_5672
moenchengladbach,322_5675
moenchengladbach,319_5662
moenchengladbach,326_5668
moenchengladbach,319_5666
moenchengladbach,322_5679
moenchengladbach,319_5675
moenchengladbach,319_5671
moenchengladbach,314_5669
moenchengladbach,322_5666
moenchengladbach,326_5677
moenchengladbach,314_5665
moenchengladbach,326_5673
moenchengladbach,311_5670
moenchengladbach,323_5666
moenchengladbach,315_5665
moenchengladbach,318_5675
moenchengladbach,315_5669
moenchengladbach,318_5671
moenchengladbach,317_5665
moenchengladbach,313_5674
moenchengladbach,321_5662
moenchengladbach,321_5666
moenchengladbach,325_5677
moenchengladbach,313_5670
moenchengladbach,313_5678
moenchengladbach,317_5669
moenchengladbach,316_5669
moenchengladbach,324_5673
moenchengladbach,320_5662
moenchengladbach,312_5674
moenchengladbach,316_5665
moenchengladbach,312_5670
moenchengladbach,324_5677
moenchengladbach,320_5666
moenchengladbach,313_5669
moenchengladbach,317_5670
moenchengladbach,321_5677
moenchengladbach,321_5673
moenchengladbach,317_5674
moenchengladbach,320_5677
moenchengladbach,316_5670
moenchengladbach,316_5674
moenchengladbach,320_5673
moenchengladbach,312_5669
moenchengladbach,322_5673
moenchengladbach,314_5674
moenchengladbach,314_5670
moenchengladbach,319_5668
moenchengladbach,322_5677
moenchengladbach,314_5678
moenchengladbach,319_5664
moenchengladbach,315_5678
moenchengladbach,318_5664
moenchengladbach,315_5674
moenchengladbach,323_5673
moenchengladbach,323_5677
moenchengladbach,318_5668
moenchengladbach,315_5670
moenchengladbach,317_5671
moenchengladbach,321_5676
moenchengladbach,321_5672
moenchengladbach,317_5675
moenchengladbach,313_5668
moenchengladbach,320_5676
moenchengladbach,316_5671
moenchengladbach,316_5675
moenchengladbach,320_5672
moenchengladbach,319_5665
moenchengladbach,322_5672
moenchengladbach,314_5675
moenchengladbach,314_5671
moenchengladbach,322_5676
moenchengladbach,319_5669
moenchengladbach,315_5675
moenchengladbach,323_5672
moenchengladbach,318_5669
moenchengladbach,323_5676
moenchengladbach,315_5671
moenchengladbach,318_5665
moenchengladbach,322_5667
moenchengladbach,310_5671
moenchengladbach,314_5664
moenchengladbach,326_5672
moenchengladbach,319_5674
moenchengladbach,319_5670
moenchengladbach,314_5668
moenchengladbach,318_5674
moenchengladbach,315_5668
moenchengladbach,318_5670
moenchengladbach,311_5671
moenchengladbach,323_5667
moenchengladbach,315_5664
moenchengladbach,317_5668
moenchengladbach,317_5664
moenchengladbach,313_5675
moenchengladbach,325_5672
moenchengladbach,321_5667
moenchengladbach,313_5671
moenchengladbach,324_5672
moenchengladbach,320_5663
moenchengladbach,312_5675
moenchengladbach,316_5664
moenchengladbach,312_5671
moenchengladbach,324_5676
moenchengladbach,320_5667
moenchengladbach,316_5668
moers,333_5699
moers,331_5700
moers,338_5705
moers,332_5699
moers,331_5708
moers,338_5701
moers,333_5704
moers,333_5700
moers,333_5708
moers,331_5699
moers,332_5708
moers,332_5704
moers,332_5700
moers,334_5699
moers,337_5700
moers,337_5704
moers,336_5700
moers,336_5704
moers,335_5695
moers,335_5699
moers,334_5704
moers,334_5700
moers,334_5708
moers,337_5699
moers,336_5699
moers,335_5708
moers,335_5704
moers,335_5700
moers,333_5710
moers,337_5701
moers,337_5705
moers,334_5698
moers,335_5698
moers,336_5701
moers,332_5710
moers,336_5705
moers,334_5709
moers,337_5698
moers,334_5705
moers,334_5701
moers,335_5705
moers,335_5701
moers,336_5698
moers,334_5710
moers,333_5698
moers,338_5704
moers,332_5698
moers,338_5700
moers,331_5701
moers,331_5705
moers,333_5709
moers,330_5698
moers,333_5705
moers,333_5701
moers,332_5705
moers,332_5701
moers,331_5698
moers,332_5709
moers,336_5703
moers,335_5696
moers,336_5707
moers,337_5703
moers,334_5696
moers,335_5707
moers,335_5703
moers,334_5707
moers,334_5703
moers,338_5702
moers,332_5696
moers,331_5707
moers,333_5696
moers,331_5696
moers,332_5707
moers,333_5707
moers,333_5703
moers,332_5697
moers,331_5706
moers,338_5703
moers,333_5697
moers,331_5697
moers,332_5706
moers,332_5702
moers,333_5706
moers,333_5702
moers,336_5702
moers,335_5697
moers,336_5706
moers,337_5702
moers,337_5706
moers,334_5697
moers,336_5697
moers,335_5706
moers,335_5702
moers,334_5706
moers,337_5697
moers,334_5702
muenster,399_5751
muenster,403_5753
muenster,403_5757
muenster,399_5755
muenster,406_5765
muenster,413_5763
muenster,399_5759
muenster,406_5761
muenster,412_5763
muenster,407_5765
muenster,407_5761
muenster,398_5759
muenster,402_5753
muenster,398_5751
muenster,398_5755
muenster,406_5746
muenster,402_5757
muenster,409_5752
muenster,405_5761
muenster,405_5765
muenster,411_5748
muenster,409_5756
muenster,410_5763
muenster,400_5757
muenster,404_5746
muenster,400_5753
muenster,414_5751
muenster,405_5746
muenster,401_5757
muenster,397_5762
muenster,401_5753
muenster,414_5755
muenster,404_5761
muenster,408_5752
muenster,411_5763
muenster,410_5748
muenster,408_5756
muenster,404_5765
muenster,404_5753
muenster,397_5758
muenster,411_5755
muenster,408_5760
muenster,408_5764
muenster,411_5751
muenster,404_5757
muenster,400_5746
muenster,411_5759
muenster,409_5747
muenster,401_5765
muenster,397_5754
muenster,397_5750
muenster,401_5761
muenster,400_5765
muenster,410_5759
muenster,400_5761
muenster,409_5760
muenster,410_5755
muenster,396_5758
muenster,405_5753
muenster,401_5746
muenster,405_5757
muenster,410_5751
muenster,409_5764
muenster,402_5761
muenster,399_5748
muenster,398_5763
muenster,412_5759
muenster,402_5765
muenster,412_5751
muenster,407_5757
muenster,403_5746
muenster,407_5753
muenster,412_5755
muenster,402_5746
muenster,406_5757
muenster,413_5751
muenster,413_5755
muenster,406_5753
muenster,399_5763
muenster,403_5761
muenster,403_5765
muenster,411_5758
muenster,397_5755
muenster,401_5764
muenster,401_5760
muenster,397_5751
muenster,404_5752
muenster,397_5759
muenster,408_5761
muenster,411_5754
muenster,408_5765
muenster,404_5756
muenster,400_5747
muenster,410_5754
muenster,409_5761
muenster,405_5752
muenster,401_5747
muenster,405_5756
muenster,409_5765
muenster,400_5764
muenster,396_5755
muenster,410_5758
muenster,400_5760
muenster,412_5750
muenster,407_5756
muenster,403_5747
muenster,407_5752
muenster,412_5754
muenster,402_5760
muenster,398_5762
muenster,399_5749
muenster,412_5758
muenster,402_5764
muenster,399_5762
muenster,403_5760
muenster,395_5755
muenster,403_5764
muenster,413_5758
muenster,399_5766
muenster,402_5747
muenster,406_5756
muenster,413_5750
muenster,413_5754
muenster,403_5768
muenster,406_5752
muenster,406_5764
muenster,413_5762
muenster,399_5758
muenster,406_5760
muenster,399_5750
muenster,403_5752
muenster,403_5756
muenster,399_5754
muenster,402_5752
muenster,398_5750
muenster,398_5754
muenster,406_5747
muenster,402_5756
muenster,412_5762
muenster,407_5764
muenster,407_5760
muenster,398_5758
muenster,400_5756
muenster,404_5747
muenster,415_5754
muenster,400_5752
muenster,409_5753
muenster,405_5760
muenster,405_5764
muenster,410_5762
muenster,409_5757
muenster,404_5760
muenster,408_5753
muenster,408_5757
muenster,410_5749
muenster,411_5762
muenster,404_5764
muenster,414_5750
muenster,405_5747
muenster,401_5756
muenster,404_5768
muenster,401_5752
muenster,397_5763
muenster,414_5754
muenster,409_5763
muenster,410_5756
muenster,408_5748
muenster,405_5750
muenster,405_5754
muenster,401_5745
muenster,410_5752
muenster,396_5757
muenster,400_5766
muenster,401_5749
muenster,400_5762
muenster,405_5758
muenster,401_5766
muenster,397_5757
muenster,404_5758
muenster,397_5753
muenster,401_5762
muenster,400_5749
muenster,404_5750
muenster,411_5756
muenster,409_5748
muenster,408_5763
muenster,408_5767
muenster,411_5752
muenster,400_5745
muenster,404_5754
muenster,399_5760
muenster,403_5762
muenster,402_5749
muenster,406_5758
muenster,403_5766
muenster,395_5757
muenster,399_5764
muenster,406_5754
muenster,402_5745
muenster,413_5752
muenster,413_5756
muenster,406_5750
muenster,399_5747
muenster,412_5752
muenster,403_5745
muenster,407_5754
muenster,407_5750
muenster,412_5756
muenster,407_5758
muenster,403_5749
muenster,402_5762
muenster,398_5760
muenster,402_5766
muenster,402_5750
muenster,398_5752
muenster,398_5756
muenster,402_5754
muenster,406_5745
muenster,412_5760
muenster,407_5766
muenster,406_5749
muenster,407_5762
muenster,402_5758
muenster,412_5764
muenster,406_5766
muenster,413_5760
muenster,403_5758
muenster,406_5762
muenster,407_5749
muenster,399_5752
muenster,403_5750
muenster,403_5754
muenster,399_5756
muenster,404_5762
muenster,405_5749
muenster,401_5758
muenster,408_5751
muenster,411_5764
muenster,411_5760
muenster,408_5755
muenster,404_5766
muenster,414_5752
muenster,401_5754
muenster,405_5745
muenster,397_5761
muenster,401_5750
muenster,414_5756
muenster,410_5747
muenster,408_5759
muenster,404_5745
muenster,400_5754
muenster,415_5752
muenster,411_5747
muenster,409_5759
muenster,400_5750
muenster,410_5764
muenster,409_5751
muenster,400_5758
muenster,404_5749
muenster,405_5762
muenster,405_5766
muenster,409_5755
muenster,410_5760
muenster,412_5761
muenster,407_5767
muenster,407_5763
muenster,406_5748
muenster,402_5759
muenster,412_5765
muenster,402_5751
muenster,398_5753
muenster,398_5757
muenster,402_5755
muenster,399_5753
muenster,403_5751
muenster,403_5755
muenster,399_5757
muenster,406_5767
muenster,413_5761
muenster,403_5759
muenster,407_5748
muenster,406_5763
muenster,414_5753
muenster,401_5755
muenster,401_5751
muenster,408_5758
muenster,405_5748
muenster,404_5763
muenster,401_5759
muenster,411_5765
muenster,408_5750
muenster,408_5754
muenster,411_5761
muenster,404_5767
muenster,409_5750
muenster,410_5765
muenster,400_5759
muenster,405_5763
muenster,404_5748
muenster,405_5767
muenster,410_5761
muenster,409_5754
muenster,404_5744
muenster,400_5755
muenster,415_5753
muenster,409_5758
muenster,400_5751
muenster,396_5756
muenster,400_5763
muenster,401_5748
muenster,405_5759
muenster,408_5749
muenster,410_5757
muenster,409_5762
muenster,405_5751
muenster,405_5755
muenster,409_5766
muenster,410_5753
muenster,404_5751
muenster,408_5762
muenster,409_5749
muenster,411_5757
muenster,411_5753
muenster,408_5766
muenster,404_5755
muenster,414_5761
muenster,397_5756
muenster,401_5767
muenster,404_5759
muenster,400_5748
muenster,401_5763
muenster,397_5752
muenster,406_5755
muenster,402_5744
muenster,413_5753
muenster,413_5757
muenster,406_5751
muenster,399_5761
muenster,402_5748
muenster,403_5763
muenster,406_5759
muenster,395_5756
muenster,403_5767
muenster,399_5765
muenster,407_5759
muenster,402_5763
muenster,403_5748
muenster,398_5761
muenster,402_5767
muenster,412_5753
muenster,403_5744
muenster,407_5755
muenster,407_5751
muenster,412_5757
neuss,336_5667
neuss,333_5672
neuss,337_5667
neuss,341_5673
neuss,335_5667
neuss,341_5677
neuss,338_5673
neuss,338_5677
neuss,339_5673
neuss,339_5677
neuss,340_5673
neuss,344_5666
neuss,340_5677
neuss,341_5666
neuss,335_5672
neuss,335_5676
neuss,334_5672
neuss,340_5666
neuss,339_5666
neuss,336_5676
neuss,342_5666
neuss,336_5672
neuss,337_5676
neuss,337_5672
neuss,343_5666
neuss,341_5667
neuss,335_5673
neuss,335_5677
neuss,345_5672
neuss,338_5667
neuss,339_5667
neuss,334_5673
neuss,340_5667
neuss,344_5672
neuss,336_5677
neuss,342_5667
neuss,336_5673
neuss,337_5677
neuss,337_5673
neuss,343_5667
neuss,342_5672
neuss,336_5666
neuss,337_5666
neuss,343_5672
neuss,338_5672
neuss,338_5676
neuss,341_5672
neuss,341_5676
neuss,340_5672
neuss,340_5676
neuss,339_5672
neuss,339_5676
neuss,340_5669
neuss,339_5665
neuss,334_5671
neuss,339_5669
neuss,340_5665
neuss,344_5670
neuss,334_5675
neuss,341_5665
neuss,338_5669
neuss,335_5671
neuss,335_5675
neuss,345_5670
neuss,341_5669
neuss,337_5675
neuss,337_5671
neuss,343_5669
neuss,342_5669
neuss,336_5675
neuss,346_5670
neuss,342_5665
neuss,336_5671
neuss,337_5668
neuss,333_5671
neuss,343_5670
neuss,342_5670
neuss,336_5668
neuss,340_5670
neuss,340_5674
neuss,339_5678
neuss,339_5670
neuss,334_5668
neuss,339_5674
neuss,344_5669
neuss,335_5668
neuss,338_5670
neuss,345_5669
neuss,338_5674
neuss,341_5670
neuss,338_5678
neuss,341_5674
neuss,333_5670
neuss,343_5671
neuss,337_5669
neuss,336_5669
neuss,342_5671
neuss,339_5671
neuss,334_5669
neuss,344_5668
neuss,339_5675
neuss,340_5671
neuss,340_5675
neuss,341_5671
neuss,341_5675
neuss,335_5669
neuss,338_5671
neuss,338_5675
neuss,345_5668
neuss,334_5670
neuss,339_5668
neuss,344_5671
neuss,334_5674
neuss,340_5668
neuss,341_5668
neuss,335_5678
neuss,338_5668
neuss,335_5670
neuss,335_5674
neuss,345_5671
neuss,333_5669
neuss,337_5678
neuss,343_5668
neuss,337_5674
neuss,337_5670
neuss,336_5674
neuss,346_5671
neuss,336_5670
neuss,336_5678
neuss,342_5668
paderborn,482_5732
paderborn,486_5727
paderborn,482_5736
paderborn,477_5736
paderborn,477_5732
paderborn,476_5736
paderborn,476_5732
paderborn,492_5725
paderborn,483_5732
paderborn,483_5736
paderborn,487_5727
paderborn,488_5733
paderborn,490_5729
paderborn,479_5726
paderborn,485_5727
paderborn,481_5736
paderborn,481_5732
paderborn,490_5725
paderborn,480_5736
paderborn,484_5727
paderborn,478_5726
paderborn,491_5725
paderborn,480_5732
paderborn,489_5733
paderborn,475_5732
paderborn,475_5736
paderborn,491_5729
paderborn,479_5733
paderborn,490_5734
paderborn,485_5732
paderborn,481_5727
paderborn,479_5737
paderborn,490_5730
paderborn,488_5726
paderborn,489_5726
paderborn,475_5723
paderborn,484_5732
paderborn,491_5734
paderborn,478_5733
paderborn,491_5730
paderborn,478_5737
paderborn,484_5736
paderborn,480_5727
paderborn,477_5723
paderborn,477_5727
paderborn,482_5727
paderborn,486_5732
paderborn,492_5730
paderborn,483_5727
paderborn,487_5732
paderborn,492_5734
paderborn,476_5723
paderborn,476_5727
paderborn,488_5727
paderborn,479_5732
paderborn,485_5733
paderborn,481_5726
paderborn,479_5736
paderborn,490_5731
paderborn,484_5733
paderborn,478_5732
paderborn,491_5731
paderborn,478_5736
paderborn,480_5726
paderborn,489_5727
paderborn,475_5722
paderborn,482_5726
paderborn,493_5731
paderborn,486_5733
paderborn,477_5726
paderborn,476_5722
paderborn,476_5726
paderborn,492_5731
paderborn,483_5726
paderborn,487_5733
paderborn,477_5737
paderborn,477_5733
paderborn,482_5733
paderborn,486_5726
paderborn,482_5737
paderborn,483_5733
paderborn,483_5737
paderborn,487_5726
paderborn,476_5737
paderborn,476_5733
paderborn,479_5727
paderborn,485_5726
paderborn,481_5737
paderborn,481_5733
paderborn,490_5724
paderborn,474_5733
paderborn,488_5732
paderborn,490_5728
paderborn,489_5732
paderborn,475_5733
paderborn,491_5728
paderborn,480_5737
paderborn,484_5726
paderborn,478_5727
paderborn,480_5733
paderborn,484_5731
paderborn,478_5730
paderborn,489_5729
paderborn,478_5734
paderborn,491_5733
paderborn,484_5735
paderborn,489_5725
paderborn,480_5728
paderborn,478_5738
paderborn,488_5725
paderborn,479_5738
paderborn,481_5728
paderborn,488_5729
paderborn,479_5730
paderborn,485_5731
paderborn,485_5735
paderborn,490_5733
paderborn,479_5734
paderborn,483_5728
paderborn,476_5724
paderborn,492_5733
paderborn,476_5728
paderborn,487_5731
paderborn,486_5735
paderborn,486_5731
paderborn,477_5728
paderborn,482_5728
paderborn,477_5724
paderborn,492_5726
paderborn,483_5731
paderborn,483_5735
paderborn,476_5735
paderborn,476_5731
paderborn,487_5728
paderborn,477_5735
paderborn,486_5728
paderborn,477_5731
paderborn,482_5731
paderborn,482_5735
paderborn,478_5729
paderborn,489_5730
paderborn,475_5731
paderborn,484_5728
paderborn,475_5735
paderborn,480_5735
paderborn,478_5725
paderborn,491_5726
paderborn,480_5731
paderborn,479_5725
paderborn,481_5735
paderborn,481_5731
paderborn,490_5726
paderborn,485_5728
paderborn,488_5730
paderborn,479_5729
paderborn,488_5734
paderborn,474_5735
paderborn,476_5734
paderborn,476_5730
paderborn,487_5729
paderborn,483_5730
paderborn,483_5734
paderborn,477_5738
paderborn,482_5730
paderborn,482_5734
paderborn,486_5725
paderborn,477_5734
paderborn,486_5729
paderborn,482_5738
paderborn,477_5730
paderborn,484_5725
paderborn,480_5734
paderborn,478_5724
paderborn,491_5727
paderborn,480_5730
paderborn,478_5728
paderborn,489_5731
paderborn,480_5738
paderborn,475_5730
paderborn,484_5729
paderborn,475_5734
paderborn,485_5729
paderborn,481_5738
paderborn,488_5731
paderborn,479_5728
paderborn,474_5734
paderborn,479_5724
paderborn,481_5734
paderborn,485_5725
paderborn,481_5730
paderborn,490_5727
paderborn,489_5724
paderborn,480_5729
paderborn,475_5729
paderborn,484_5730
paderborn,478_5731
paderborn,489_5728
paderborn,478_5735
paderborn,491_5732
paderborn,480_5725
paderborn,484_5734
paderborn,488_5728
paderborn,479_5731
paderborn,485_5730
paderborn,485_5734
paderborn,481_5725
paderborn,490_5732
paderborn,479_5735
paderborn,481_5729
paderborn,492_5732
paderborn,483_5725
paderborn,487_5734
paderborn,476_5729
paderborn,487_5730
paderborn,483_5729
paderborn,476_5725
paderborn,482_5729
paderborn,477_5725
paderborn,486_5734
paderborn,482_5725
paderborn,486_5730
paderborn,477_5729
remscheid,378_5673
remscheid,380_5667
remscheid,369_5668
remscheid,371_5672
remscheid,370_5672
remscheid,379_5673
remscheid,372_5672
remscheid,373_5672
remscheid,376_5676
remscheid,376_5672
remscheid,377_5676
remscheid,377_5672
remscheid,375_5672
remscheid,375_5676
remscheid,380_5672
remscheid,381_5672
remscheid,374_5672
remscheid,370_5667
remscheid,376_5673
remscheid,377_5673
remscheid,378_5667
remscheid,369_5670
remscheid,380_5673
remscheid,375_5673
remscheid,374_5673
remscheid,379_5667
remscheid,381_5673
remscheid,369_5669
remscheid,371_5673
remscheid,378_5672
remscheid,379_5672
remscheid,370_5673
remscheid,372_5673
remscheid,373_5673
remscheid,373_5668
remscheid,377_5675
remscheid,377_5671
remscheid,376_5675
remscheid,376_5671
remscheid,372_5668
remscheid,379_5669
remscheid,374_5671
remscheid,374_5675
remscheid,381_5671
remscheid,370_5668
remscheid,371_5668
remscheid,380_5671
remscheid,375_5671
remscheid,378_5669
remscheid,375_5675
remscheid,374_5668
remscheid,379_5670
remscheid,379_5674
remscheid,370_5671
remscheid,371_5671
remscheid,380_5668
remscheid,378_5670
remscheid,375_5668
remscheid,369_5667
remscheid,378_5674
remscheid,373_5671
remscheid,373_5675
remscheid,377_5668
remscheid,376_5668
remscheid,372_5671
remscheid,372_5675
remscheid,381_5669
remscheid,370_5670
remscheid,374_5669
remscheid,379_5671
remscheid,378_5671
remscheid,375_5669
remscheid,378_5675
remscheid,371_5674
remscheid,371_5670
remscheid,380_5669
remscheid,377_5669
remscheid,373_5670
remscheid,373_5674
remscheid,372_5670
remscheid,372_5674
remscheid,376_5669
remscheid,377_5674
remscheid,377_5670
remscheid,373_5669
remscheid,372_5669
remscheid,376_5674
remscheid,376_5670
remscheid,381_5670
remscheid,370_5669
remscheid,379_5668
remscheid,374_5670
remscheid,374_5674
remscheid,375_5670
remscheid,378_5668
remscheid,375_5674
remscheid,380_5674
remscheid,371_5669
remscheid,380_5670
siegen,438_5636
siegen,431_5633
siegen,424_5635
siegen,429_5629
siegen,431_5637
siegen,425_5635
siegen,430_5633
siegen,428_5629
siegen,430_5637
siegen,427_5631
siegen,428_5644
siegen,432_5637
siegen,428_5640
siegen,432_5633
siegen,427_5635
siegen,427_5639
siegen,426_5639
siegen,433_5637
siegen,426_5631
siegen,426_5635
siegen,433_5633
siegen,429_5640
siegen,425_5641
siegen,436_5637
siegen,437_5637
siegen,431_5643
siegen,429_5638
siegen,435_5637
siegen,426_5641
siegen,429_5634
siegen,433_5643
siegen,429_5630
siegen,428_5634
siegen,427_5641
siegen,428_5630
siegen,432_5643
siegen,434_5637
siegen,428_5638
siegen,436_5636
siegen,430_5642
siegen,427_5629
siegen,426_5629
siegen,431_5642
siegen,437_5636
siegen,426_5640
siegen,429_5635
siegen,433_5642
siegen,429_5631
siegen,429_5639
siegen,435_5636
siegen,434_5636
siegen,428_5639
siegen,428_5635
siegen,427_5640
siegen,427_5644
siegen,428_5631
siegen,432_5642
siegen,431_5632
siegen,431_5636
siegen,438_5637
siegen,425_5638
siegen,425_5634
siegen,430_5632
siegen,430_5636
siegen,427_5638
siegen,427_5630
siegen,432_5636
siegen,428_5641
siegen,432_5632
siegen,427_5634
siegen,433_5636
siegen,426_5630
siegen,426_5634
siegen,433_5632
siegen,429_5641
siegen,426_5638
siegen,431_5640
siegen,431_5644
siegen,437_5638
siegen,433_5629
siegen,424_5642
siegen,430_5640
siegen,425_5642
siegen,432_5629
siegen,436_5638
siegen,434_5634
siegen,432_5644
siegen,434_5638
siegen,428_5637
siegen,430_5629
siegen,427_5642
siegen,432_5640
siegen,428_5633
siegen,426_5642
siegen,429_5637
siegen,431_5629
siegen,435_5638
siegen,429_5633
siegen,435_5634
siegen,430_5638
siegen,425_5636
siegen,430_5630
siegen,430_5634
siegen,425_5632
siegen,431_5630
siegen,431_5634
siegen,431_5638
siegen,433_5634
siegen,426_5632
siegen,426_5636
siegen,429_5643
siegen,433_5630
siegen,433_5638
siegen,432_5638
siegen,427_5632
siegen,432_5634
siegen,432_5630
siegen,428_5643
siegen,427_5636
siegen,425_5637
siegen,430_5631
siegen,430_5635
siegen,425_5633
siegen,430_5639
siegen,431_5639
siegen,431_5631
siegen,424_5633
siegen,431_5635
siegen,433_5639
siegen,433_5635
siegen,426_5633
siegen,426_5637
siegen,429_5642
siegen,433_5631
siegen,427_5633
siegen,432_5635
siegen,432_5631
siegen,428_5642
siegen,427_5637
siegen,432_5639
siegen,437_5635
siegen,431_5641
siegen,424_5643
siegen,430_5641
siegen,425_5643
siegen,436_5639
siegen,436_5635
siegen,434_5639
siegen,428_5636
siegen,427_5643
siegen,432_5641
siegen,428_5632
siegen,434_5635
siegen,435_5635
siegen,426_5643
siegen,429_5636
siegen,429_5632
siegen,433_5641
wuppertal,378_5681
wuppertal,371_5678
wuppertal,378_5685
wuppertal,378_5675
wuppertal,371_5674
wuppertal,371_5684
wuppertal,371_5680
wuppertal,364_5676
wuppertal,378_5679
wuppertal,370_5684
wuppertal,370_5674
wuppertal,365_5682
wuppertal,370_5670
wuppertal,379_5679
wuppertal,365_5676
wuppertal,370_5680
wuppertal,370_5678
wuppertal,379_5681
wuppertal,379_5675
wuppertal,379_5685
wuppertal,367_5676
wuppertal,372_5680
wuppertal,372_5674
wuppertal,367_5682
wuppertal,372_5684
wuppertal,367_5672
wuppertal,372_5678
wuppertal,373_5678
wuppertal,373_5680
wuppertal,366_5676
wuppertal,373_5684
wuppertal,366_5682
wuppertal,376_5678
wuppertal,376_5684
wuppertal,376_5680
wuppertal,363_5676
wuppertal,377_5684
wuppertal,362_5676
wuppertal,377_5680
wuppertal,377_5678
wuppertal,380_5678
wuppertal,375_5680
wuppertal,375_5684
wuppertal,369_5683
wuppertal,369_5673
wuppertal,380_5674
wuppertal,369_5677
wuppertal,375_5678
wuppertal,381_5674
wuppertal,368_5673
wuppertal,368_5683
wuppertal,374_5678
wuppertal,368_5677
wuppertal,374_5680
wuppertal,381_5678
wuppertal,374_5674
wuppertal,374_5684
wuppertal,376_5685
wuppertal,363_5677
wuppertal,376_5681
wuppertal,376_5679
wuppertal,377_5679
wuppertal,377_5675
wuppertal,377_5685
wuppertal,377_5681
wuppertal,362_5677
wuppertal,369_5682
wuppertal,369_5672
wuppertal,380_5675
wuppertal,369_5676
wuppertal,375_5679
wuppertal,380_5679
wuppertal,375_5681
wuppertal,375_5685
wuppertal,375_5675
wuppertal,374_5681
wuppertal,381_5679
wuppertal,374_5675
wuppertal,381_5675
wuppertal,368_5672
wuppertal,368_5682
wuppertal,374_5679
wuppertal,368_5676
wuppertal,371_5675
wuppertal,371_5685
wuppertal,364_5677
wuppertal,371_5681
wuppertal,378_5678
wuppertal,378_5680
wuppertal,371_5679
wuppertal,378_5684
wuppertal,378_5674
wuppertal,370_5679
wuppertal,379_5680
wuppertal,379_5674
wuppertal,370_5685
wuppertal,370_5675
wuppertal,370_5671
wuppertal,379_5678
wuppertal,370_5681
wuppertal,365_5677
wuppertal,372_5679
wuppertal,372_5681
wuppertal,367_5677
wuppertal,367_5683
wuppertal,372_5675
wuppertal,367_5673
wuppertal,372_5685
wuppertal,366_5677
wuppertal,373_5681
wuppertal,373_5685
wuppertal,373_5675
wuppertal,373_5679
wuppertal,382_5677
wuppertal,362_5679
wuppertal,377_5677
wuppertal,362_5675
wuppertal,377_5683
wuppertal,376_5677
wuppertal,376_5683
wuppertal,363_5675
wuppertal,363_5679
wuppertal,374_5683
wuppertal,374_5677
wuppertal,368_5678
wuppertal,368_5670
wuppertal,381_5677
wuppertal,368_5680
wuppertal,361_5679
wuppertal,368_5684
wuppertal,368_5674
wuppertal,369_5680
wuppertal,380_5677
wuppertal,369_5670
wuppertal,369_5674
wuppertal,369_5684
wuppertal,375_5683
wuppertal,369_5678
wuppertal,375_5677
wuppertal,379_5682
wuppertal,379_5676
wuppertal,365_5679
wuppertal,379_5686
wuppertal,370_5677
wuppertal,365_5681
wuppertal,370_5673
wuppertal,365_5675
wuppertal,370_5683
wuppertal,369_5669
wuppertal,371_5677
wuppertal,371_5683
wuppertal,364_5675
wuppertal,371_5673
wuppertal,378_5682
wuppertal,378_5686
wuppertal,364_5679
wuppertal,378_5676
wuppertal,373_5683
wuppertal,366_5675
wuppertal,366_5681
wuppertal,373_5677
wuppertal,366_5679
wuppertal,367_5679
wuppertal,367_5675
wuppertal,372_5683
wuppertal,367_5685
wuppertal,372_5677
wuppertal,367_5681
wuppertal,365_5680
wuppertal,370_5676
wuppertal,370_5672
wuppertal,370_5682
wuppertal,379_5677
wuppertal,365_5678
wuppertal,378_5683
wuppertal,364_5678
wuppertal,378_5677
wuppertal,371_5676
wuppertal,364_5680
wuppertal,371_5686
wuppertal,364_5674
wuppertal,371_5682
wuppertal,366_5678
wuppertal,373_5682
wuppertal,373_5676
wuppertal,366_5680
wuppertal,372_5682
wuppertal,367_5674
wuppertal,367_5684
wuppertal,367_5680
wuppertal,372_5676
wuppertal,372_5686
wuppertal,367_5678
wuppertal,377_5676
wuppertal,377_5686
wuppertal,377_5682
wuppertal,382_5676
wuppertal,362_5678
wuppertal,363_5678
wuppertal,376_5676
wuppertal,363_5680
wuppertal,363_5674
wuppertal,376_5682
wuppertal,368_5671
wuppertal,381_5676
wuppertal,368_5681
wuppertal,361_5678
wuppertal,368_5685
wuppertal,368_5675
wuppertal,374_5682
wuppertal,374_5676
wuppertal,368_5679
wuppertal,375_5682
wuppertal,369_5679
wuppertal,375_5676
wuppertal,369_5681
wuppertal,380_5676
wuppertal,369_5671
wuppertal,369_5675
wuppertal,369_5685
